FetchedAt,Index,Symbol,LivePrice,PrevEODClose,ChangePct,SMA20,SMA50,SMA200,AboveSMA20,AboveSMA50,AboveSMA200,High52W,Low52W,NearHigh_7pct,NearLow_7pct,PriceToHigh52_pct,PriceToLow52_pct,Hist_1D_Price,Hist_1D_SMA20,Hist_1D_SMA50,Hist_1D_SMA200,Hist_1W_Price,Hist_1W_SMA20,Hist_1W_SMA50,Hist_1W_SMA200,Hist_1M_Price,Hist_1M_SMA20,Hist_1M_SMA50,Hist_1M_SMA200,Hist_3M_Price,Hist_3M_SMA20,Hist_3M_SMA50,Hist_3M_SMA200,Error
2026-10-02 23:33 IST,Nifty 100,HDFCBANK,721.2,708.7,1.76,717.1,725.09,804.54,YES,NO,NO,993.08,687.1,NO,YES,-27.38,4.96,722.7,YES,NO,NO,737.25,YES,YES,NO,711.9,NO,NO,NO,801.05,YES,YES,NO,
2026-10-02 23:33 IST,Nifty 100,ETERNAL,313.9,320.0,-1.91,326.55,320.1,276.25,NO,NO,YES,354.35,215.68,NO,NO,-11.42,45.54,327.85,YES,YES,YES,342.65,YES,YES,YES,327.75,YES,YES,YES,281.65,YES,YES,YES,
2026-10-02 23:33 IST,Nifty 100,RELIANCE,1167.7,1187.0,-1.63,1249.51,1281.86,1358.06,NO,NO,NO,1584.97,1167.7,NO,YES,-26.33,0.0,1182.0,NO,NO,NO,1248.0,NO,NO,NO,1309.0,NO,YES,NO,1304.0,YES,NO,NO,
2026-10-02 23:33 IST,Nifty 100,ICICIBANK,1310.6,1321.7,-0.84,1360.49,1401.01,1344.69,NO,NO,NO,1460.0,1195.82,NO,NO,-10.23,9.6,1292.2,NO,NO,NO,1340.0,NO,NO,NO,1438.0,YES,YES,YES,1399.6,YES,YES,YES,
2026-10-02 23:33 IST,Nifty 100,LT,3693.4,3760.0,-1.77,3885.7,3957.7,3950.08,NO,NO,NO,4375.36,3310.07,NO,NO,-15.59,11.58,3749.1,NO,NO,NO,3929.9,NO,NO,NO,3980.1,NO,NO,YES,4026.6,NO,YES,YES,
2026-10-02 23:33 IST,Nifty 100,AXISBANK,1217.1,1226.0,-0.73,1239.05,1241.3,1284.51,NO,NO,NO,1401.92,1158.61,NO,YES,-13.18,5.05,1212.1,NO,NO,NO,1243.2,NO,NO,NO,1258.0,YES,NO,NO,1341.07,NO,YES,YES,
2026-10-02 23:33 IST,Nifty 100,SBIN,954.1,959.5,-0.56,991.21,1025.03,1032.76,NO,NO,NO,1206.06,843.05,NO,NO,-20.89,13.17,964.7,NO,NO,NO,994.1,NO,NO,NO,1034.5,NO,NO,YES,1040.0,YES,YES,YES,
2026-10-02 23:33 IST,Nifty 100,VEDL,252.05,259.0,-2.68,264.8,269.19,459.85,NO,NO,NO,787.5,252.05,NO,YES,-67.99,0.0,260.0,NO,NO,NO,271.0,YES,YES,NO,274.0,NO,YES,NO,280.4,NO,NO,NO,
2026-10-02 23:33 IST,Nifty 100,ONGC,222.37,225.8,-1.52,234.15,236.26,254.76,NO,NO,NO,300.12,222.37,NO,YES,-25.91,0.0,230.0,NO,NO,NO,236.9,YES,NO,NO,235.45,NO,NO,NO,236.83,NO,NO,NO,
2026-10-02 23:33 IST,Nifty 100,SHRIRAMFIN,945.0,982.7,-3.84,1009.12,1059.59,1004.38,NO,NO,NO,1141.0,638.28,NO,NO,-17.18,48.05,971.5,NO,NO,NO,1010.8,NO,NO,YES,1059.1,NO,NO,YES,1063.6,YES,YES,YES,
2026-10-02 23:33 IST,Nifty 100,INFY,1035.0,994.1,4.11,1046.97,1102.27,1241.04,NO,NO,NO,1654.01,985.3,NO,YES,-37.42,5.04,1015.4,NO,NO,NO,1020.5,NO,NO,NO,1156.0,YES,YES,NO,1047.2,NO,NO,NO,
2026-10-02 23:33 IST,Nifty 100,BAJFINANCE,948.3,959.4,-1.16,1020.83,1059.98,972.78,NO,NO,NO,1158.8,796.65,NO,NO,-18.17,19.04,973.8,NO,NO,YES,1043.2,YES,NO,YES,1053.9,NO,NO,YES,1031.4,YES,YES,YES,
2026-10-02 23:33 IST,Nifty 100,M&M,2860.0,2950.0,-3.05,3070.06,3247.65,3251.54,NO,NO,NO,3762.88,2860.0,NO,YES,-23.99,0.0,2947.8,NO,NO,NO,3035.0,NO,NO,NO,3259.0,NO,NO,NO,3136.9,YES,YES,NO,
2026-10-02 23:33 IST,Nifty 100,TCS,2075.0,2050.6,1.19,2167.21,2278.95,2468.83,NO,NO,NO,3204.28,1971.79,NO,YES,-35.24,5.23,2032.4,NO,NO,NO,2089.6,NO,NO,NO,2369.0,YES,YES,NO,2082.08,NO,NO,NO,
2026-10-02 23:33 IST,Nifty 100,BHARTIARTL,1741.1,1757.0,-0.9,1823.95,1886.82,1890.58,NO,NO,NO,2135.82,1734.97,NO,YES,-18.48,0.35,1771.2,NO,NO,NO,1833.2,NO,NO,NO,1877.2,NO,NO,NO,1886.66,YES,YES,NO,
2026-10-02 23:33 IST,Nifty 100,COALINDIA,420.4,425.0,-1.08,422.11,411.58,423.37,NO,YES,NO,469.36,355.9,NO,NO,-10.43,18.12,425.0,YES,YES,YES,424.55,YES,YES,YES,396.58,NO,NO,NO,427.51,NO,NO,YES,
2026-10-02 23:33 IST,Nifty 100,BEL,383.1,388.3,-1.34,397.26,401.11,417.43,NO,NO,NO,467.81,381.31,NO,YES,-18.11,0.47,387.75,NO,NO,NO,396.05,NO,NO,NO,411.2,YES,YES,NO,417.48,YES,NO,NO,
2026-10-02 23:33 IST,Nifty 100,INDIGO,4929.9,4984.0,-1.09,4932.93,5109.87,4826.04,NO,NO,YES,5934.0,3943.5,NO,NO,-16.92,25.01,4872.0,NO,NO,YES,5028.5,YES,NO,YES,5052.0,NO,NO,YES,5426.5,YES,YES,YES,
2026-10-02 23:33 IST,Nifty 100,GRASIM,2962.0,3061.9,-3.26,3215.82,3228.87,2972.68,NO,NO,NO,3380.5,2523.24,NO,NO,-12.38,17.39,3100.0,NO,NO,YES,3188.5,NO,NO,YES,3305.0,YES,YES,YES,3171.02,YES,YES,YES,
2026-10-02 23:33 IST,Nifty 100,ITC,255.9,262.75,-2.61,263.88,271.61,296.48,NO,NO,NO,401.99,255.5,NO,YES,-36.34,0.16,265.1,YES,NO,NO,270.15,YES,NO,NO,266.6,NO,NO,NO,289.95,YES,NO,NO,
2026-10-02 23:33 IST,Nifty 100,MAZDOCK,2064.0,2113.0,-2.32,2284.23,2400.9,2430.09,NO,NO,NO,2868.26,2061.48,NO,YES,-28.04,0.12,2087.1,NO,NO,NO,2211.5,NO,NO,NO,2485.0,NO,YES,YES,2539.02,YES,YES,NO,
2026-10-02 23:33 IST,Nifty 100,BPCL,300.6,303.2,-0.86,307.68,313.51,322.22,NO,NO,NO,388.3,271.3,NO,NO,-22.59,10.8,299.35,NO,NO,NO,315.75,YES,YES,NO,317.65,YES,YES,NO,308.15,YES,YES,NO,
2026-10-02 23:33 IST,Nifty 100,KOTAKBANK,418.35,417.0,0.32,414.18,404.77,398.89,YES,YES,YES,444.35,352.79,YES,NO,-5.85,18.58,406.0,NO,YES,YES,413.25,NO,YES,YES,425.0,YES,YES,YES,396.07,NO,YES,NO,
2026-10-02 23:33 IST,Nifty 100,JIOFIN,212.5,216.88,-2.02,228.86,239.71,248.34,NO,NO,NO,314.16,212.5,NO,YES,-32.36,0.0,217.56,NO,NO,NO,232.15,NO,NO,NO,235.85,NO,NO,NO,238.79,YES,NO,NO,
2026-10-02 23:33 IST,Nifty 100,TATASTEEL,178.0,184.3,-3.42,185.88,186.18,192.07,NO,NO,NO,216.66,157.42,NO,NO,-17.84,13.07,188.0,YES,YES,NO,190.82,YES,YES,NO,184.07,NO,NO,NO,189.8,NO,NO,YES,
2026-10-02 23:33 IST,Nifty 100,IOC,131.34,134.93,-2.66,135.39,137.54,146.65,NO,NO,NO,183.5,130.65,NO,YES,-28.43,0.53,131.33,NO,NO,NO,138.15,YES,NO,NO,136.53,NO,NO,NO,140.31,NO,YES,NO,
2026-10-02 23:33 IST,Nifty 100,HINDALCO,941.85,941.8,0.01,985.41,1005.05,978.31,NO,NO,NO,1143.73,756.16,NO,NO,-17.65,24.56,955.2,NO,NO,NO,1003.8,YES,NO,YES,1014.4,NO,YES,YES,948.25,NO,NO,YES,
2026-10-02 23:33 IST,Nifty 100,HAL,4601.0,4668.0,-1.44,4811.94,4817.82,4395.91,NO,NO,YES,5099.0,3480.15,NO,NO,-9.77,32.21,4549.3,NO,NO,YES,4836.0,NO,YES,YES,4807.6,NO,YES,YES,4419.94,YES,YES,YES,
2026-10-02 23:33 IST,Nifty 100,MARUTI,11386.0,11967.0,-4.86,12313.9,13146.43,13826.53,NO,NO,NO,17120.06,11386.0,NO,YES,-33.49,0.0,11877.0,NO,NO,NO,12230.0,NO,NO,NO,12950.0,NO,NO,NO,14223.16,YES,YES,NO,
2026-10-02 23:33 IST,Nifty 100,TATAPOWER,350.15,359.0,-2.47,365.62,370.41,385.17,NO,NO,NO,458.96,343.12,NO,YES,-23.71,2.05,359.0,NO,NO,NO,369.0,YES,NO,NO,350.55,NO,NO,NO,375.2,NO,NO,NO,
2026-10-02 23:33 IST,Nifty 100,HINDZINC,555.05,566.0,-1.93,583.92,578.07,583.23,NO,NO,NO,714.15,445.85,NO,NO,-22.28,24.49,563.3,NO,NO,NO,595.45,YES,YES,YES,597.0,YES,YES,YES,536.55,NO,NO,NO,
2026-10-02 23:33 IST,Nifty 100,PFC,318.0,325.5,-2.3,344.61,367.59,392.72,NO,NO,NO,471.83,318.0,NO,YES,-32.6,0.0,324.1,NO,NO,NO,346.0,NO,NO,NO,345.8,NO,NO,NO,417.34,NO,NO,YES,
2026-10-02 23:33 IST,Nifty 100,HINDUNILVR,1836.0,1879.1,-2.29,1936.86,2012.66,2170.97,NO,NO,NO,2557.38,1836.0,NO,YES,-28.21,0.0,1863.8,NO,NO,NO,1950.0,NO,NO,NO,1994.8,NO,NO,NO,2201.2,YES,YES,NO,
2026-10-02 23:33 IST,Nifty 100,EICHERMOT,6920.0,7150.0,-3.22,7492.2,7760.64,7355.14,NO,NO,NO,8105.12,6517.75,NO,YES,-14.62,6.17,7179.0,NO,NO,NO,7470.0,NO,NO,YES,7970.0,NO,YES,YES,7263.44,NO,YES,YES,
2026-10-02 23:33 IST,Nifty 100,TMPV,279.4,283.5,-1.45,299.97,317.73,343.21,NO,NO,NO,712.44,279.4,NO,YES,-60.78,0.0,280.95,NO,NO,NO,300.5,NO,NO,NO,310.0,NO,NO,NO,344.1,NO,NO,NO,
2026-10-02 23:33 IST,Nifty 100,CANBK,118.36,119.44,-0.9,123.65,126.42,133.53,NO,NO,NO,153.85,118.36,NO,YES,-23.07,0.0,119.51,NO,NO,NO,126.0,YES,NO,NO,125.6,NO,NO,NO,127.19,NO,NO,NO,
2026-10-02 23:33 IST,Nifty 100,ADANIPOWER,196.21,204.0,-3.82,205.53,207.07,188.6,NO,NO,YES,248.91,132.96,NO,NO,-21.17,47.57,196.3,NO,NO,YES,204.8,NO,NO,YES,204.36,NO,NO,YES,221.79,NO,NO,YES,
2026-10-02 23:33 IST,Nifty 100,VBL,425.3,432.0,-1.55,419.18,429.05,464.87,YES,NO,NO,543.45,380.94,NO,NO,-21.74,11.64,430.0,YES,YES,NO,436.15,YES,YES,NO,405.85,NO,NO,NO,515.23,NO,NO,YES,
2026-10-02 23:33 IST,Nifty 100,JSWSTEEL,1233.0,1253.4,-1.63,1277.85,1285.9,1233.31,NO,NO,NO,1341.0,1073.14,NO,NO,-8.05,14.9,1272.4,NO,NO,YES,1297.8,YES,YES,YES,1313.5,YES,YES,YES,1223.17,NO,NO,YES,
2026-10-02 23:33 IST,Nifty 100,ADANIENT,2816.8,2903.4,-2.98,2966.24,2997.07,2576.67,NO,NO,YES,3212.1,1758.01,NO,NO,-12.31,60.23,2972.9,YES,NO,YES,2993.2,YES,NO,YES,2863.9,NO,NO,YES,3212.1,YES,YES,YES,
2026-10-02 23:33 IST,Nifty 100,ADANIPORTS,1737.8,1798.3,-3.36,1760.85,1722.2,1627.82,NO,YES,YES,1883.2,1298.13,NO,NO,-7.72,33.87,1822.0,YES,YES,YES,1807.3,YES,YES,YES,1647.5,NO,NO,YES,1874.2,YES,YES,YES,
2026-10-02 23:33 IST,Nifty 100,NTPC,315.1,322.75,-2.37,328.65,333.52,354.59,NO,NO,NO,405.82,312.74,NO,YES,-22.35,0.75,323.5,NO,NO,NO,326.0,NO,NO,NO,324.0,NO,NO,NO,352.64,NO,NO,YES,
2026-10-02 23:33 IST,Nifty 100,WIPRO,159.35,158.5,0.54,166.73,175.86,198.17,NO,NO,NO,262.81,156.79,NO,YES,-39.37,1.63,156.79,NO,NO,NO,164.9,NO,NO,NO,181.7,NO,YES,NO,174.09,NO,NO,NO,
2026-10-02 23:33 IST,Nifty 100,CHOLAFIN,1580.0,1620.0,-2.47,1769.22,1820.33,1682.17,NO,NO,NO,1940.0,1354.17,NO,NO,-18.56,16.68,1627.3,NO,NO,NO,1774.0,NO,NO,YES,1814.7,NO,NO,YES,1789.1,YES,YES,YES,
2026-10-02 23:33 IST,Nifty 100,TRENT,2580.0,2621.6,-1.59,2762.86,2882.29,2853.37,NO,NO,NO,4824.87,2193.96,NO,NO,-46.53,17.6,2635.0,NO,NO,NO,2774.0,NO,NO,NO,2855.0,NO,NO,NO,3340.6,YES,YES,NO,
2026-10-02 23:33 IST,Nifty 100,RECLTD,287.75,299.0,-3.76,310.43,330.42,341.16,NO,NO,NO,377.31,287.75,NO,YES,-23.74,0.0,292.45,NO,NO,NO,311.5,NO,NO,NO,314.05,NO,NO,NO,359.4,YES,YES,YES,
2026-10-02 23:33 IST,Nifty 100,BAJAJ-AUTO,10045.0,10874.0,-7.62,11489.25,11602.99,10153.1,NO,NO,NO,12361.0,8506.78,NO,NO,-18.74,18.08,10811.0,NO,NO,YES,11400.0,NO,NO,YES,12361.0,YES,YES,YES,9785.5,NO,NO,YES,
2026-10-02 23:33 IST,Nifty 100,SOLARINDS,19400.0,19700.0,-1.52,20389.25,19740.24,16291.86,NO,NO,YES,22455.0,11765.05,NO,NO,-13.6,64.9,18650.0,NO,NO,YES,19730.0,NO,YES,YES,20060.0,YES,YES,YES,18503.07,YES,YES,YES,
2026-10-02 23:33 IST,Nifty 100,APOLLOHOSP,8133.5,8165.5,-0.39,8794.02,8813.56,8031.56,NO,NO,YES,9069.0,6776.6,NO,NO,-10.32,20.02,8659.0,NO,NO,YES,9069.0,YES,YES,YES,8755.0,NO,NO,YES,8883.16,YES,YES,YES,
2026-10-02 23:33 IST,Nifty 100,POWERGRID,254.55,260.5,-2.28,266.06,270.19,282.82,NO,NO,NO,319.41,250.06,NO,YES,-20.31,1.8,261.5,NO,NO,NO,270.2,YES,NO,NO,264.55,NO,NO,NO,286.51,YES,NO,YES,
2026-10-02 23:33 IST,Nifty 100,ADANIGREEN,1276.1,1278.0,-0.15,1286.67,1318.9,1202.68,NO,NO,YES,1604.5,772.8,NO,NO,-20.47,65.13,1260.0,NO,NO,YES,1300.9,YES,NO,YES,1265.0,NO,NO,YES,1556.2,YES,YES,YES,
2026-10-02 23:33 IST,Nifty 100,HCLTECH,1243.1,1230.0,1.07,1252.49,1298.57,1324.13,NO,NO,NO,1679.96,1023.75,NO,NO,-26.0,21.43,1222.0,NO,NO,NO,1256.7,NO,NO,NO,1351.4,YES,YES,NO,1127.49,YES,NO,NO,
2026-10-02 23:33 IST,Nifty 100,TVSMOTOR,4021.0,4106.0,-2.07,4122.37,4224.09,3755.38,NO,NO,YES,4466.2,3283.4,NO,NO,-9.97,22.46,4091.1,NO,NO,YES,4135.0,NO,NO,YES,4203.0,NO,YES,YES,3627.4,YES,YES,YES,
2026-10-02 23:33 IST,Nifty 100,TITAN,4515.7,4587.0,-1.55,4897.98,4958.0,4403.29,NO,NO,YES,5169.2,3397.15,NO,NO,-12.64,32.93,4675.0,NO,NO,YES,4880.0,NO,NO,YES,5050.0,NO,YES,YES,4446.51,YES,YES,YES,
2026-10-02 23:33 IST,Nifty 100,DLF,658.4,674.0,-2.31,659.4,662.09,621.25,NO,NO,YES,769.83,497.85,NO,NO,-14.47,32.25,653.0,NO,NO,YES,675.0,YES,YES,YES,675.15,YES,YES,YES,667.52,YES,YES,YES,
2026-10-02 23:33 IST,Nifty 100,MOTHERSON,157.03,163.26,-3.82,162.33,161.68,136.0,NO,NO,YES,170.68,101.15,NO,NO,-8.0,55.24,158.56,NO,NO,YES,164.4,YES,YES,YES,165.6,NO,YES,YES,146.05,YES,YES,YES,
2026-10-02 23:33 IST,Nifty 100,TECHM,1533.0,1524.0,0.59,1550.03,1590.45,1491.65,NO,NO,YES,1723.61,1297.97,NO,NO,-11.06,18.11,1510.5,NO,NO,YES,1557.0,NO,NO,YES,1638.0,YES,YES,YES,1410.1,YES,YES,NO,
2026-10-02 23:33 IST,Nifty 100,PNB,109.57,113.06,-3.09,116.03,115.26,112.33,NO,NO,NO,128.62,96.68,NO,NO,-14.81,13.33,111.75,NO,NO,NO,118.3,YES,YES,YES,115.22,NO,YES,YES,105.35,NO,YES,NO,
2026-10-02 23:33 IST,Nifty 100,ASIANPAINT,2407.0,2402.6,0.18,2456.32,2595.18,2548.71,NO,NO,NO,2942.97,2103.05,NO,NO,-18.21,14.45,2415.0,NO,NO,NO,2455.0,NO,NO,NO,2575.5,NO,NO,NO,2737.8,YES,YES,YES,
2026-10-02 23:33 IST,Nifty 100,CIPLA,1344.0,1346.0,-0.15,1378.39,1415.63,1372.3,NO,NO,NO,1648.14,1181.32,NO,NO,-18.45,13.77,1379.3,NO,NO,YES,1383.0,NO,NO,YES,1423.0,NO,NO,YES,1458.2,YES,YES,YES,
2026-10-02 23:33 IST,Nifty 100,ULTRACEMCO,10710.0,10956.0,-2.25,11009.85,11438.74,11525.86,NO,NO,NO,12790.92,10154.73,NO,YES,-16.27,5.47,10829.0,NO,NO,NO,11155.0,YES,NO,NO,11400.0,NO,NO,NO,11488.5,YES,YES,NO,
2026-10-02 23:33 IST,Nifty 100,JSWENERGY,485.0,494.7,-1.96,518.26,537.72,524.25,NO,NO,NO,600.01,438.56,NO,NO,-19.17,10.59,501.15,NO,NO,NO,521.0,NO,NO,NO,518.0,NO,NO,NO,550.2,NO,NO,YES,
2026-10-02 23:33 IST,Nifty 100,GAIL,171.22,170.55,0.39,173.01,173.46,164.91,NO,NO,YES,180.91,135.01,YES,NO,-5.36,26.82,170.04,NO,NO,YES,172.95,NO,NO,YES,172.19,NO,NO,YES,173.65,YES,YES,YES,
2026-10-02 23:33 IST,Nifty 100,SUNPHARMA,1801.0,1816.6,-0.86,1859.85,1907.07,1803.83,NO,NO,NO,2001.1,1574.92,NO,NO,-10.0,14.36,1865.0,NO,NO,YES,1865.0,NO,NO,YES,1929.0,YES,YES,YES,1899.82,YES,YES,YES,
2026-10-02 23:33 IST,Nifty 100,BANKBARODA,230.82,230.55,0.12,234.8,240.59,264.79,NO,NO,NO,314.28,227.5,NO,YES,-26.56,1.46,227.68,NO,NO,NO,236.87,NO,NO,NO,237.7,NO,NO,NO,252.2,NO,NO,NO,
2026-10-02 23:33 IST,Nifty 100,DMART,3813.0,3801.4,0.31,3750.7,3867.57,4004.18,YES,NO,NO,4628.5,3646.3,NO,YES,-17.62,4.57,3750.0,NO,NO,NO,3834.8,YES,NO,NO,3824.0,NO,NO,NO,3994.4,NO,NO,NO,
2026-10-02 23:33 IST,Nifty 100,MAXHEALTH,940.95,929.8,1.2,1020.62,1035.12,1032.07,NO,NO,NO,1208.85,929.8,NO,YES,-22.16,1.2,982.1,NO,NO,NO,1059.9,YES,YES,YES,1003.0,NO,NO,NO,1153.4,YES,YES,YES,
2026-10-02 23:33 IST,Nifty 100,BAJAJFINSV,1732.6,1731.0,0.09,1860.8,1945.26,1883.0,NO,NO,NO,2174.74,1630.41,NO,YES,-20.33,6.27,1742.4,NO,NO,NO,1846.5,NO,NO,NO,1972.0,NO,YES,YES,1895.6,YES,YES,NO,
2026-10-02 23:33 IST,Nifty 100,LODHA,1105.6,1135.0,-2.59,1147.87,1197.86,1017.73,NO,NO,YES,1311.74,674.63,NO,NO,-15.72,63.88,1106.6,NO,NO,YES,1162.5,NO,NO,YES,1193.9,NO,YES,YES,1053.3,YES,YES,YES,
2026-10-02 23:33 IST,Nifty 100,CGPOWER,879.0,854.2,2.9,889.19,880.88,796.31,NO,NO,YES,976.5,529.48,NO,NO,-9.98,66.01,858.05,NO,NO,YES,895.0,NO,YES,YES,885.5,YES,NO,YES,892.55,NO,YES,YES,
2026-10-02 23:33 IST,Nifty 100,ABB,6900.0,6776.0,1.83,7171.48,7365.04,6509.22,NO,NO,YES,7710.0,4618.02,NO,NO,-10.51,49.41,6660.5,NO,NO,YES,7120.0,NO,NO,YES,7396.0,NO,YES,YES,6869.63,NO,NO,YES,
2026-10-02 23:33 IST,Nifty 100,NAUKRI,1200.0,1219.5,-1.6,1274.96,1285.16,1140.47,NO,NO,YES,1388.85,923.1,NO,NO,-13.6,30.0,1245.0,NO,NO,YES,1297.0,NO,YES,YES,1313.0,NO,YES,YES,1022.99,YES,YES,NO,
2026-10-02 23:33 IST,Nifty 100,HDFCLIFE,534.2,521.2,2.49,535.78,541.34,618.33,NO,NO,NO,784.75,514.0,NO,YES,-31.93,3.93,523.55,NO,NO,NO,561.5,YES,YES,NO,540.3,NO,NO,NO,567.7,NO,NO,NO,
2026-10-02 23:33 IST,Nifty 100,IRFC,77.06,79.28,-2.8,80.69,84.47,98.8,NO,NO,NO,132.24,77.06,NO,YES,-41.73,0.0,80.26,NO,NO,NO,81.0,NO,NO,NO,82.5,NO,NO,NO,90.57,NO,NO,NO,
2026-10-02 23:33 IST,Nifty 100,BRITANNIA,4778.0,4830.0,-1.08,4978.52,5242.21,5482.73,NO,NO,NO,6083.68,4778.0,NO,YES,-21.46,0.0,4835.0,NO,NO,NO,4929.0,NO,NO,NO,5187.0,NO,NO,NO,5290.88,YES,YES,NO,
2026-10-02 23:33 IST,Nifty 100,ADANIENSOL,1326.4,1314.6,0.9,1371.04,1506.13,1290.41,NO,NO,YES,1741.6,812.7,NO,NO,-23.84,63.21,1305.8,NO,NO,YES,1380.0,NO,NO,YES,1382.0,NO,NO,YES,1568.8,YES,YES,YES,
2026-10-02 23:33 IST,Nifty 100,AMBUJACEM,362.25,374.0,-3.14,388.5,408.33,454.07,NO,NO,NO,574.36,362.25,NO,YES,-36.93,0.0,365.75,NO,NO,NO,392.75,NO,NO,NO,402.2,NO,NO,NO,443.4,YES,YES,NO,
2026-10-02 23:33 IST,Nifty 100,NESTLEIND,1307.7,1310.0,-0.18,1375.58,1441.06,1359.08,NO,NO,NO,1540.0,1154.59,NO,NO,-15.08,13.26,1345.7,NO,NO,NO,1387.2,NO,NO,YES,1438.2,NO,NO,YES,1452.82,YES,YES,YES,
2026-10-02 23:33 IST,Nifty 100,INDHOTEL,718.0,728.65,-1.46,724.3,727.54,686.21,NO,NO,YES,752.3,568.42,YES,NO,-4.56,26.32,714.35,NO,NO,YES,743.7,YES,YES,YES,718.0,NO,NO,YES,728.6,YES,YES,YES,
2026-10-02 23:33 IST,Nifty 100,SIEMENS,3804.0,3725.6,2.1,3873.16,3899.78,3501.85,NO,NO,YES,4114.0,2834.67,NO,NO,-7.54,34.2,3710.0,NO,NO,YES,3886.0,NO,YES,YES,4030.0,YES,YES,YES,3519.01,NO,NO,YES,
2026-10-02 23:33 IST,Nifty 100,DIVISLAB,9249.0,9291.5,-0.46,9387.25,8808.53,7022.75,NO,YES,YES,9624.0,5666.13,YES,NO,-3.9,63.23,9431.0,YES,YES,YES,9624.0,YES,YES,YES,9165.0,YES,YES,YES,6729.25,YES,YES,YES,
2026-10-02 23:33 IST,Nifty 100,LICI,391.85,395.2,-0.85,404.17,409.9,406.91,NO,NO,NO,451.49,354.51,NO,NO,-13.21,10.53,390.0,NO,NO,NO,407.5,NO,NO,YES,412.15,YES,NO,YES,430.25,YES,YES,YES,
2026-10-02 23:33 IST,Nifty 100,SBILIFE,1721.6,1696.4,1.49,1722.56,1781.14,1879.66,NO,NO,NO,2106.67,1654.1,NO,YES,-18.28,4.08,1735.0,YES,NO,NO,1760.0,YES,NO,NO,1739.3,NO,NO,NO,1788.7,YES,NO,NO,
2026-10-02 23:33 IST,Nifty 100,JINDALSTEL,1100.5,1134.9,-3.03,1136.93,1123.39,1136.57,NO,NO,NO,1286.5,984.24,NO,NO,-14.46,11.81,1130.0,NO,YES,NO,1175.3,YES,YES,YES,1160.0,YES,YES,YES,1052.12,NO,NO,NO,
2026-10-02 23:33 IST,Nifty 100,PIDILITIND,1464.0,1465.1,-0.08,1555.07,1611.81,1492.18,NO,NO,NO,1701.5,1264.49,NO,NO,-13.96,15.78,1461.0,NO,NO,NO,1588.1,NO,NO,YES,1643.5,NO,YES,YES,1586.58,YES,YES,YES,
2026-10-02 23:33 IST,Nifty 100,TORNTPHARM,4767.3,4800.0,-0.68,4908.75,4939.8,4436.08,NO,NO,YES,5122.8,3483.84,YES,NO,-6.94,36.84,4894.0,NO,NO,YES,4985.0,YES,YES,YES,4965.5,YES,YES,YES,4768.3,YES,YES,YES,
2026-10-02 23:33 IST,Nifty 100,UNITDSPR,1335.1,1354.0,-1.4,1408.62,1473.29,1365.17,NO,NO,NO,1556.0,1209.49,NO,NO,-14.2,10.39,1363.0,NO,NO,NO,1441.0,YES,NO,YES,1470.0,NO,YES,YES,1382.65,YES,YES,YES,
2026-10-02 23:33 IST,Nifty 100,TATACONSUM,957.0,949.5,0.79,993.12,1041.01,1108.94,NO,NO,NO,1260.34,949.5,NO,YES,-24.07,0.79,967.7,NO,NO,NO,994.3,NO,NO,NO,1030.5,NO,NO,NO,1116.7,YES,NO,NO,
2026-10-02 23:33 IST,Nifty 100,HAVELLS,1040.0,1016.0,2.36,1106.15,1199.43,1260.51,NO,NO,NO,1497.33,1016.0,NO,YES,-30.54,2.36,1043.3,NO,NO,NO,1096.5,NO,NO,NO,1222.8,NO,NO,NO,1181.1,YES,NO,NO,
2026-10-02 23:33 IST,Nifty 100,DRREDDY,1206.2,1233.0,-2.17,1179.65,1175.44,1242.09,YES,YES,NO,1367.03,1135.6,NO,YES,-11.76,6.22,1251.9,YES,YES,YES,1211.2,YES,YES,NO,1171.0,NO,NO,NO,1365.44,YES,YES,YES,
2026-10-02 23:33 IST,Nifty 100,ICICIGI,1563.0,1590.0,-1.7,1497.3,1574.99,1762.4,YES,NO,NO,2035.17,1427.7,NO,NO,-23.2,9.48,1515.0,YES,NO,NO,1500.6,YES,NO,NO,1566.9,NO,NO,NO,1772.8,NO,NO,NO,
2026-10-02 23:33 IST,Nifty 100,BOSCHLTD,45480.0,47100.0,-3.44,47656.5,46093.01,38808.45,NO,NO,YES,50000.0,28557.08,NO,NO,-9.04,59.26,45700.0,NO,NO,YES,47955.0,NO,YES,YES,50000.0,YES,YES,YES,41243.59,YES,YES,YES,
2026-10-02 23:33 IST,Nifty 100,BAJAJHLDNG,10666.0,10788.0,-1.13,11015.54,11136.36,10531.35,NO,NO,YES,12907.88,8588.89,NO,NO,-17.37,24.18,10600.0,NO,NO,YES,11449.0,YES,YES,YES,11244.84,NO,YES,YES,11015.17,YES,YES,YES,
2026-10-02 23:33 IST,Nifty 100,ZYDUSLIFE,1145.7,1162.0,-1.4,1150.28,1140.64,1011.9,NO,YES,YES,1215.0,859.83,YES,NO,-5.7,33.25,1200.5,YES,YES,YES,1170.1,YES,YES,YES,1167.8,YES,YES,YES,1139.58,YES,YES,YES,
2026-10-02 23:33 IST,Nifty 100,SHREECEM,21900.0,22345.0,-1.99,22598.0,24264.5,25183.93,NO,NO,NO,29847.61,21795.0,NO,YES,-26.63,0.48,21900.0,NO,NO,NO,22500.0,NO,NO,NO,23490.0,NO,NO,NO,26695.61,YES,YES,YES,
2026-10-02 23:33 IST,Nifty 100,BAJAJHFL,82.91,82.0,1.11,83.36,84.4,86.75,NO,NO,NO,111.77,73.09,NO,NO,-25.82,13.44,81.26,NO,NO,NO,83.52,NO,NO,NO,82.85,NO,NO,NO,91.35,YES,YES,NO,
2026-10-02 23:33 IST,Nifty 100,LTM,4007.0,4045.0,-0.94,4258.23,4420.99,4593.29,NO,NO,NO,6322.27,3538.0,NO,NO,-36.62,13.26,3936.0,NO,NO,NO,4085.0,NO,NO,NO,4625.0,YES,YES,NO,3757.8,NO,NO,NO,
2026-10-02 23:33 IST,Nifty 100,ENRIN,3334.0,3200.0,4.19,3173.9,3286.72,3086.89,YES,YES,YES,3872.1,2121.97,NO,NO,-13.9,57.12,3199.0,YES,NO,YES,3214.4,YES,NO,YES,3172.5,NO,NO,YES,3281.5,NO,NO,YES,
2026-10-02 23:33 IST,Nifty 100,HYUNDAI,2024.0,2031.0,-0.34,2144.18,2153.92,2043.68,NO,NO,NO,2513.2,1675.4,NO,NO,-19.47,20.81,2100.0,NO,NO,YES,2095.0,NO,NO,YES,2179.8,NO,YES,YES,1974.54,YES,YES,NO,
2026-10-02 23:33 IST,Nifty 100,GODREJCP,840.0,850.0,-1.18,868.52,938.8,1055.79,NO,NO,NO,1235.57,840.0,NO,YES,-32.02,0.0,855.0,NO,NO,NO,879.75,YES,NO,NO,905.0,NO,NO,NO,1070.98,YES,YES,NO,
2026-10-02 23:33 IST,Nifty Midcap 150,ATGL,583.05,593.9,-1.83,607.46,633.08,615.27,NO,NO,NO,808.27,467.74,NO,NO,-27.86,24.65,588.4,NO,NO,NO,625.25,YES,NO,YES,613.65,NO,NO,NO,721.75,NO,YES,YES,
2026-10-02 23:33 IST,Nifty Midcap 150,WAAREEENER,2340.0,2374.4,-1.45,2525.73,2613.13,2884.53,NO,NO,NO,3622.52,2340.0,NO,YES,-35.4,0.0,2380.0,NO,NO,NO,2512.0,NO,NO,NO,2585.97,NO,NO,NO,2856.96,NO,NO,NO,
2026-10-02 23:33 IST,Nifty Midcap 150,HINDPETRO,345.0,350.35,-1.53,352.7,363.23,380.53,NO,NO,NO,474.6,303.51,NO,NO,-27.31,13.67,349.2,NO,NO,NO,360.0,YES,NO,NO,363.1,NO,NO,NO,379.69,YES,YES,NO,
2026-10-02 23:33 IST,Nifty Midcap 150,BSE,3046.0,3092.0,-1.49,3271.34,3369.12,3318.12,NO,NO,NO,4391.73,2075.93,NO,NO,-30.64,46.73,3200.0,NO,NO,NO,3270.7,NO,NO,NO,3242.0,NO,NO,NO,3806.57,NO,NO,YES,
2026-10-02 23:33 IST,Nifty Midcap 150,NTPCGREEN,91.09,93.37,-2.44,89.92,90.98,95.36,YES,YES,NO,118.86,85.18,NO,YES,-23.36,6.94,89.99,YES,NO,NO,95.42,YES,YES,YES,89.21,NO,NO,NO,95.44,NO,NO,NO,
2026-10-02 23:33 IST,Nifty Midcap 150,GUJGASLTD,,,,,,,N/A,N/A,N/A,,,NO,NO,,,,N/A,N/A,N/A,,N/A,N/A,N/A,,N/A,N/A,N/A,,N/A,N/A,N/A,Insufficient data
2026-10-02 23:33 IST,Nifty Midcap 150,DIXON,12700.0,13100.0,-3.05,13500.15,13966.21,12088.81,NO,NO,YES,17431.59,9665.56,NO,NO,-27.14,31.39,13250.0,NO,NO,YES,13200.0,NO,NO,YES,14449.88,YES,YES,YES,12446.42,YES,YES,NO,
2026-10-02 23:33 IST,Nifty Midcap 150,IDEA,12.64,12.95,-2.39,14.44,13.95,12.27,NO,NO,YES,15.6,8.36,NO,NO,-18.97,51.2,13.56,NO,NO,YES,14.52,NO,YES,YES,14.06,YES,YES,YES,14.25,NO,YES,YES,
2026-10-02 23:33 IST,Nifty Midcap 150,OIL,444.0,448.65,-1.04,480.52,470.81,459.06,NO,NO,NO,517.24,391.35,NO,NO,-14.16,13.45,459.45,NO,NO,YES,470.0,NO,YES,YES,489.0,YES,YES,YES,421.24,NO,NO,NO,
2026-10-02 23:33 IST,Nifty Midcap 150,NATIONALUM,334.9,340.95,-1.77,359.63,369.69,370.4,NO,NO,NO,438.2,207.13,NO,NO,-23.57,61.69,346.65,NO,NO,NO,363.45,NO,NO,NO,372.0,NO,YES,YES,346.72,NO,NO,YES,
2026-10-02 23:33 IST,Nifty Midcap 150,POLYCAB,7990.0,8026.0,-0.45,8302.02,8789.93,8387.82,NO,NO,NO,10083.0,6690.26,NO,NO,-20.76,19.43,8102.5,NO,NO,NO,8417.0,NO,NO,YES,8895.5,NO,NO,YES,9548.5,NO,YES,YES,
2026-10-02 23:33 IST,Nifty Midcap 150,INDUSINDBK,886.85,901.4,-1.61,959.07,990.13,923.82,NO,NO,NO,1069.3,738.1,NO,NO,-17.06,20.15,878.0,NO,NO,NO,959.3,NO,NO,YES,992.6,NO,NO,YES,974.35,YES,YES,YES,
2026-10-02 23:33 IST,Nifty Midcap 150,HDFCAMC,2308.1,2280.7,1.2,2400.39,2496.3,2559.87,NO,NO,NO,2839.64,2168.96,NO,YES,-18.72,6.42,2223.3,NO,NO,NO,2448.3,NO,NO,NO,2544.9,NO,NO,NO,2800.2,YES,YES,YES,
2026-10-02 23:33 IST,Nifty Midcap 150,COFORGE,1826.0,1749.1,4.4,1829.52,1809.38,1514.22,NO,YES,YES,2014.6,1071.4,NO,NO,-9.36,70.43,1722.0,NO,NO,YES,1782.4,NO,NO,YES,1988.9,YES,YES,YES,1460.6,YES,YES,NO,
2026-10-02 23:33 IST,Nifty Midcap 150,MUTHOOTFIN,2697.1,2737.1,-1.46,2820.11,2913.72,3294.85,NO,NO,NO,4057.39,2697.1,NO,YES,-33.53,0.0,2736.8,NO,NO,NO,2856.5,NO,NO,NO,2905.0,NO,NO,NO,3054.9,YES,NO,NO,
2026-10-02 23:33 IST,Nifty Midcap 150,SUZLON,38.91,39.49,-1.47,43.0,45.95,49.26,NO,NO,NO,59.99,38.91,NO,YES,-35.14,0.0,39.5,NO,NO,NO,42.39,NO,NO,NO,46.5,NO,NO,NO,56.87,NO,YES,YES,
2026-10-02 23:33 IST,Nifty Midcap 150,IDFCFIRSTB,80.39,81.44,-1.29,85.13,84.93,77.43,NO,NO,YES,87.9,58.68,NO,NO,-8.54,37.0,79.46,NO,NO,YES,87.9,YES,YES,YES,84.9,NO,YES,YES,80.22,YES,YES,YES,
2026-10-02 23:33 IST,Nifty Midcap 150,CUMMINSIND,4860.0,4760.0,2.1,4997.38,5208.96,4982.41,NO,NO,NO,5977.92,3800.06,NO,NO,-18.7,27.89,4800.0,NO,NO,NO,5010.0,NO,NO,YES,5105.0,NO,NO,YES,5432.94,NO,NO,YES,
2026-10-02 23:33 IST,Nifty Midcap 150,IDBI,86.57,82.2,5.32,84.08,84.95,87.25,YES,YES,NO,116.01,61.5,NO,NO,-25.38,40.76,83.32,NO,NO,NO,83.39,NO,NO,NO,92.06,YES,YES,YES,83.84,YES,YES,NO,
2026-10-02 23:33 IST,Nifty Midcap 150,PREMIERENE,878.05,870.1,0.91,934.48,989.08,933.81,NO,NO,NO,1117.2,682.6,NO,NO,-21.41,28.63,870.0,NO,NO,NO,915.0,NO,NO,NO,1012.9,NO,NO,YES,1046.8,NO,YES,YES,
2026-10-02 23:33 IST,Nifty Midcap 150,POWERINDIA,31290.0,30630.0,2.15,31246.75,32455.97,28613.85,YES,NO,YES,38435.82,16210.13,NO,NO,-18.59,93.03,30735.0,NO,NO,YES,31150.0,NO,NO,YES,32640.0,NO,NO,YES,31032.59,NO,NO,YES,
2026-10-02 23:33 IST,Nifty Midcap 150,FORTIS,785.0,770.0,1.95,878.9,907.74,910.95,NO,NO,NO,1096.74,770.0,NO,YES,-28.42,1.95,822.0,NO,NO,NO,894.0,NO,NO,NO,915.0,NO,NO,YES,973.57,YES,YES,YES,
2026-10-02 23:33 IST,Nifty Midcap 150,ASHOKLEY,150.48,154.19,-2.41,161.87,167.07,169.92,NO,NO,NO,208.37,131.36,NO,NO,-27.78,14.56,153.44,NO,NO,NO,162.89,NO,NO,NO,170.53,NO,YES,YES,164.35,YES,YES,YES,
2026-10-02 23:33 IST,Nifty Midcap 150,SAIL,174.5,181.49,-3.85,180.16,176.43,166.8,NO,NO,YES,203.4,124.28,NO,NO,-14.21,40.41,179.47,NO,YES,YES,183.04,NO,YES,YES,190.51,YES,YES,YES,167.68,NO,NO,YES,
2026-10-02 23:33 IST,Nifty Midcap 150,PAYTM,1656.0,1678.0,-1.31,1733.73,1605.66,1273.44,NO,YES,YES,1849.9,959.0,NO,NO,-10.48,72.68,1683.0,NO,YES,YES,1775.0,YES,YES,YES,1633.5,YES,YES,YES,1221.4,YES,YES,YES,
2026-10-02 23:33 IST,Nifty Midcap 150,NMDC,74.64,76.54,-2.48,81.36,83.63,83.66,NO,NO,NO,96.04,70.4,NO,YES,-22.28,6.02,77.0,NO,NO,NO,82.0,NO,NO,NO,85.69,YES,YES,YES,85.4,NO,NO,YES,
2026-10-02 23:33 IST,Nifty Midcap 150,PETRONET,285.5,284.5,0.35,286.55,285.05,279.5,NO,YES,YES,319.71,235.34,NO,NO,-10.7,21.31,282.95,NO,NO,YES,285.85,NO,YES,YES,292.3,YES,YES,YES,275.95,NO,YES,YES,
2026-10-02 23:33 IST,Nifty Midcap 150,KPITTECH,492.0,499.1,-1.42,543.05,577.2,755.59,NO,NO,NO,1256.31,492.0,NO,YES,-60.84,0.0,519.7,NO,NO,NO,527.0,NO,NO,NO,590.0,NO,NO,NO,553.97,NO,NO,NO,
2026-10-02 23:33 IST,Nifty Midcap 150,LICHSGFIN,509.0,530.2,-4.0,556.09,529.32,525.18,NO,NO,NO,581.77,451.63,NO,NO,-12.51,12.7,548.5,NO,YES,YES,572.5,YES,YES,YES,534.9,YES,YES,YES,542.8,YES,YES,YES,
2026-10-02 23:33 IST,Nifty Midcap 150,UNIONBANK,167.59,171.0,-1.99,178.86,180.0,171.11,NO,NO,NO,196.47,132.12,NO,NO,-14.7,26.85,166.0,NO,NO,NO,180.0,NO,YES,YES,184.9,NO,YES,YES,163.09,NO,NO,YES,
2026-10-02 23:33 IST,Nifty Midcap 150,GODREJPROP,1595.8,1628.5,-2.01,1756.96,1932.41,1827.99,NO,NO,NO,2309.14,1464.22,NO,NO,-30.89,8.99,1634.4,NO,NO,NO,1707.6,NO,NO,NO,1978.0,NO,NO,YES,1986.8,YES,YES,YES,
2026-10-02 23:33 IST,Nifty Midcap 150,KEI,4502.0,4455.0,1.05,4644.77,5108.1,4840.05,NO,NO,NO,5873.0,3800.7,NO,NO,-23.34,18.45,4461.0,NO,NO,NO,4722.5,NO,NO,NO,5348.0,NO,YES,YES,5270.5,NO,YES,YES,
2026-10-02 23:33 IST,Nifty Midcap 150,TATAELXSI,3092.8,3088.9,0.13,3336.39,3539.75,4224.67,NO,NO,NO,5749.89,3088.9,NO,YES,-46.21,0.13,3211.7,NO,NO,NO,3212.0,NO,NO,NO,3638.0,NO,NO,NO,3678.9,NO,NO,NO,
2026-10-02 23:33 IST,Nifty Midcap 150,GVT&D,4253.2,4201.0,1.24,4378.56,4312.02,4074.9,NO,NO,YES,5519.84,2551.48,NO,NO,-22.95,66.7,4130.3,NO,NO,YES,4417.0,YES,YES,YES,4324.0,YES,NO,YES,4390.63,NO,NO,YES,
2026-10-02 23:33 IST,Nifty Midcap 150,YESBANK,20.75,20.95,-0.95,22.57,22.64,21.88,NO,NO,NO,25.48,17.25,NO,NO,-18.56,20.29,20.71,NO,NO,NO,23.24,YES,YES,YES,22.1,NO,NO,YES,24.39,YES,YES,YES,
2026-10-02 23:33 IST,Nifty Midcap 150,FLUOROCHEM,4341.5,4405.3,-1.45,4570.09,4587.53,3799.9,NO,NO,YES,4783.13,2978.43,NO,NO,-9.23,45.76,4406.2,NO,NO,YES,4476.4,NO,NO,YES,4736.96,YES,YES,YES,3962.88,YES,YES,YES,
2026-10-02 23:33 IST,Nifty Midcap 150,BHEL,421.0,415.5,1.32,424.08,419.61,347.21,NO,YES,YES,442.65,230.2,YES,NO,-4.89,82.88,413.35,NO,NO,YES,423.1,NO,YES,YES,426.55,YES,YES,YES,382.37,NO,NO,YES,
2026-10-02 23:33 IST,Nifty Midcap 150,UPL,516.8,539.75,-4.25,563.01,573.89,637.57,NO,NO,NO,797.63,516.8,NO,YES,-35.21,0.0,538.0,NO,NO,NO,553.15,NO,NO,NO,567.1,NO,NO,NO,601.58,YES,NO,NO,
2026-10-02 23:33 IST,Nifty Midcap 150,AUBANK,987.0,1010.3,-2.31,1040.6,1058.61,1005.45,NO,NO,NO,1128.6,723.85,NO,NO,-12.55,36.35,1005.2,NO,NO,NO,1053.0,NO,NO,YES,1079.2,NO,YES,YES,1057.37,YES,YES,YES,
2026-10-02 23:33 IST,Nifty Midcap 150,RVNL,197.0,201.76,-2.36,206.11,216.62,267.74,NO,NO,NO,385.53,197.0,NO,YES,-48.9,0.0,197.9,NO,NO,NO,211.77,YES,NO,NO,208.38,NO,NO,NO,235.04,NO,NO,NO,
2026-10-02 23:33 IST,Nifty Midcap 150,PERSISTENT,5367.0,5279.0,1.67,5432.02,5491.67,5340.29,NO,NO,YES,6517.4,4283.62,NO,NO,-17.65,25.29,5162.0,NO,NO,NO,5240.0,NO,NO,NO,5800.0,YES,YES,YES,4666.49,NO,NO,NO,
2026-10-02 23:33 IST,Nifty Midcap 150,HEROMOTOCO,5168.0,5241.0,-1.39,5292.27,5447.05,5253.12,NO,NO,NO,6138.79,4706.27,NO,NO,-15.81,9.81,5208.0,NO,NO,NO,5394.0,YES,NO,YES,5555.0,NO,YES,YES,4782.26,NO,NO,NO,
2026-10-02 23:33 IST,Nifty Midcap 150,BDL,1087.9,1110.1,-2.0,1175.69,1253.76,1316.96,NO,NO,NO,1607.54,1085.1,NO,YES,-32.33,0.26,1085.1,NO,NO,NO,1161.0,NO,NO,NO,1249.58,NO,NO,NO,1387.74,YES,YES,NO,
2026-10-02 23:33 IST,Nifty Midcap 150,FEDERALBNK,318.2,317.4,0.25,335.42,346.86,303.73,NO,NO,YES,370.43,191.72,NO,NO,-14.1,65.97,320.2,NO,NO,YES,331.3,NO,NO,YES,349.25,NO,YES,YES,326.29,YES,YES,YES,
2026-10-02 23:33 IST,Nifty Midcap 150,SWIGGY,238.0,250.1,-4.84,271.91,276.27,290.67,NO,NO,NO,448.4,238.0,NO,YES,-46.92,0.0,253.7,NO,NO,NO,278.5,YES,YES,NO,275.0,NO,YES,NO,248.27,YES,NO,NO,
2026-10-02 23:33 IST,Nifty Midcap 150,NHPC,71.75,72.81,-1.46,75.77,76.69,77.35,NO,NO,NO,85.26,71.75,NO,YES,-15.85,0.0,73.32,NO,NO,NO,76.74,YES,NO,NO,76.3,NO,NO,NO,80.31,YES,YES,YES,
2026-10-02 23:33 IST,Nifty Midcap 150,KALYANKJIL,528.5,553.15,-4.46,586.4,594.06,458.27,NO,NO,YES,632.02,329.46,NO,NO,-16.38,60.41,568.85,NO,NO,YES,584.25,NO,NO,YES,570.67,NO,YES,YES,380.5,YES,YES,NO,
2026-10-02 23:33 IST,Nifty Midcap 150,VMM,99.5,101.0,-1.49,103.18,106.21,116.74,NO,NO,NO,150.63,99.5,NO,YES,-33.94,0.0,104.3,YES,NO,NO,106.0,YES,NO,NO,106.55,NO,NO,NO,120.57,YES,YES,NO,
2026-10-02 23:33 IST,Nifty Midcap 150,MFSL,1392.0,1373.4,1.35,1489.85,1518.2,1619.56,NO,NO,NO,1870.0,1373.4,NO,YES,-25.56,1.35,1392.4,NO,NO,NO,1562.9,YES,YES,NO,1534.7,NO,NO,NO,1596.6,NO,NO,NO,
2026-10-02 23:33 IST,Nifty Midcap 150,INDIANB,793.15,805.9,-1.58,843.22,857.51,851.96,NO,NO,NO,970.87,721.68,NO,NO,-18.31,9.9,795.25,NO,NO,NO,842.0,NO,NO,NO,881.75,YES,YES,YES,798.95,NO,NO,NO,
2026-10-02 23:33 IST,Nifty Midcap 150,BHARATFORG,1875.0,1926.0,-2.65,1958.84,2052.03,1855.54,NO,NO,YES,2265.2,1186.04,NO,NO,-17.23,58.09,1942.0,NO,NO,YES,2004.0,YES,NO,YES,2052.2,NO,NO,YES,2136.7,YES,YES,YES,
2026-10-02 23:33 IST,Nifty Midcap 150,VOLTAS,1053.2,1070.0,-1.57,1135.31,1215.58,1330.29,NO,NO,NO,1556.41,1053.2,NO,YES,-32.33,0.0,1090.0,NO,NO,NO,1130.0,NO,NO,NO,1205.0,NO,NO,NO,1280.2,NO,NO,NO,
2026-10-02 23:33 IST,Nifty Midcap 150,UNOMINDA,1111.0,1170.0,-5.04,1215.65,1227.82,1163.86,NO,NO,NO,1363.19,1011.63,NO,NO,-18.5,9.82,1162.0,NO,NO,NO,1223.1,NO,NO,YES,1274.4,YES,YES,YES,1126.1,YES,YES,NO,
2026-10-02 23:33 IST,Nifty Midcap 150,GLENMARK,2331.0,2334.7,-0.16,2422.74,2354.43,2204.46,NO,NO,YES,2512.5,1808.6,NO,NO,-7.22,28.88,2441.5,YES,YES,YES,2475.0,YES,YES,YES,2470.4,YES,YES,YES,2208.8,YES,NO,YES,
2026-10-02 23:33 IST,Nifty Midcap 150,IREDA,111.0,111.68,-0.61,111.49,115.02,123.57,NO,NO,NO,153.73,107.69,NO,YES,-27.8,3.07,111.0,NO,NO,NO,111.0,NO,NO,NO,113.44,NO,NO,NO,127.64,YES,NO,NO,
2026-10-02 23:33 IST,Nifty Midcap 150,COCHINSHIP,1287.0,1315.0,-2.13,1405.57,1443.63,1487.56,NO,NO,NO,1850.89,1191.76,NO,NO,-30.47,7.99,1359.3,NO,NO,NO,1370.0,NO,NO,NO,1474.24,NO,YES,NO,1522.39,YES,NO,NO,
2026-10-02 23:33 IST,Nifty Midcap 150,LTF,264.35,265.0,-0.25,300.23,308.64,291.72,NO,NO,NO,335.6,237.75,NO,NO,-21.23,11.19,271.05,NO,NO,NO,310.0,NO,NO,YES,309.05,NO,NO,YES,327.0,YES,YES,YES,
2026-10-02 23:33 IST,Nifty Midcap 150,BANKINDIA,129.48,130.24,-0.58,138.49,140.61,144.5,NO,NO,NO,171.59,119.22,NO,NO,-24.54,8.61,130.11,NO,NO,NO,139.65,NO,NO,NO,142.35,NO,NO,NO,144.05,NO,YES,YES,
2026-10-02 23:33 IST,Nifty Midcap 150,MAHABANK,80.5,79.37,1.42,82.94,81.58,74.53,NO,NO,YES,93.85,53.47,NO,NO,-14.22,50.55,79.16,NO,NO,YES,84.11,YES,YES,YES,82.7,YES,YES,YES,88.53,YES,YES,YES,
2026-10-02 23:33 IST,Nifty Midcap 150,POLICYBZR,980.0,1063.9,-7.89,1637.17,1677.37,1630.18,NO,NO,NO,1957.3,980.0,NO,YES,-49.93,0.0,1081.0,NO,NO,NO,1886.3,YES,YES,YES,1829.2,YES,YES,YES,1591.2,NO,NO,NO,
2026-10-02 23:33 IST,Nifty Midcap 150,SBICARD,563.2,578.05,-2.57,635.92,642.34,686.66,NO,NO,NO,934.68,563.2,NO,YES,-39.74,0.0,581.0,NO,NO,NO,635.0,NO,NO,NO,632.4,NO,NO,NO,603.8,NO,NO,NO,
2026-10-02 23:33 IST,Nifty Midcap 150,OFSS,10420.0,10630.0,-1.98,11391.2,11542.96,9169.97,NO,NO,YES,12540.0,6126.48,NO,NO,-16.91,70.08,10406.0,NO,NO,YES,10849.0,NO,NO,YES,12187.0,YES,YES,YES,11248.0,YES,YES,YES,
2026-10-02 23:33 IST,Nifty Midcap 150,GMRAIRPORT,93.16,95.15,-2.09,96.71,100.32,99.93,NO,NO,NO,114.98,84.75,NO,NO,-18.98,9.92,93.75,NO,NO,NO,99.14,YES,NO,NO,94.12,NO,NO,NO,112.8,YES,YES,YES,
2026-10-02 23:33 IST,Nifty Midcap 150,TATATECH,698.8,707.5,-1.23,747.38,778.86,671.85,NO,NO,YES,879.15,501.5,NO,NO,-20.51,39.34,686.75,NO,NO,YES,716.45,NO,NO,YES,814.95,NO,YES,YES,715.4,NO,YES,YES,
2026-10-02 23:33 IST,Nifty Midcap 150,AUROPHARMA,1676.8,1672.0,0.29,1686.32,1643.85,1419.04,NO,YES,YES,1734.0,1070.8,YES,NO,-3.3,56.59,1697.7,YES,YES,YES,1721.5,YES,YES,YES,1683.3,YES,YES,YES,1620.5,YES,YES,YES,
2026-10-02 23:33 IST,Nifty Midcap 150,MANKIND,2535.0,2503.8,1.25,2367.82,2412.24,2296.09,YES,YES,YES,2617.9,1927.4,YES,NO,-3.17,31.52,2545.0,YES,YES,YES,2465.0,YES,YES,YES,2356.5,NO,NO,YES,2528.6,YES,YES,YES,
2026-10-02 23:33 IST,Nifty Midcap 150,APLAPOLLO,2115.7,2190.1,-3.4,2182.9,2088.41,1979.74,NO,YES,YES,2272.05,1691.88,YES,NO,-6.88,25.05,2188.6,YES,YES,YES,2195.0,YES,YES,YES,2225.43,YES,YES,YES,1781.14,NO,NO,NO,
2026-10-02 23:33 IST,Nifty Midcap 150,ABCAPITAL,375.05,380.6,-1.46,394.07,401.15,364.85,NO,NO,YES,424.7,292.25,NO,NO,-11.69,28.33,378.0,NO,NO,YES,402.45,YES,NO,YES,394.45,NO,NO,YES,401.25,YES,YES,YES,
2026-10-02 23:33 IST,Nifty Midcap 150,APARINDS,17648.0,17384.0,1.52,17664.09,16689.52,12590.47,NO,YES,YES,18945.0,6941.9,YES,NO,-6.85,154.22,17803.0,YES,YES,YES,17876.0,YES,YES,YES,17339.8,YES,YES,YES,14124.96,NO,YES,YES,
2026-10-02 23:33 IST,Nifty Midcap 150,LLOYDSME,1776.8,1884.0,-5.69,1828.38,1894.64,1592.76,NO,NO,YES,2101.2,1097.54,NO,NO,-15.44,61.89,1902.2,YES,YES,YES,1890.9,YES,NO,YES,1790.0,NO,NO,YES,1777.0,YES,YES,YES,
2026-10-02 23:33 IST,Nifty Midcap 150,INDUSTOWER,376.25,373.2,0.82,376.73,376.59,401.31,NO,NO,NO,460.42,326.27,NO,NO,-18.28,15.32,367.55,NO,NO,NO,384.8,YES,YES,NO,375.0,NO,NO,NO,369.4,NO,NO,NO,
2026-10-02 23:33 IST,Nifty Midcap 150,MARICO,781.35,786.0,-0.59,811.63,837.19,796.35,NO,NO,NO,885.35,698.56,NO,NO,-11.75,11.85,787.15,NO,NO,NO,832.3,YES,NO,YES,838.1,NO,NO,YES,834.73,YES,YES,YES,
2026-10-02 23:33 IST,Nifty Midcap 150,LUPIN,2031.2,2030.2,0.05,2090.41,2208.85,2248.84,NO,NO,NO,2514.8,1891.88,NO,NO,-19.23,7.36,2052.1,NO,NO,NO,2102.8,NO,NO,NO,2153.0,NO,NO,NO,2458.18,YES,YES,YES,
2026-10-02 23:33 IST,Nifty Midcap 150,LTTS,3267.8,3228.6,1.21,3315.95,3457.37,3541.6,NO,NO,NO,4643.84,3041.31,NO,NO,-29.63,7.45,3081.6,NO,NO,NO,3231.3,NO,NO,NO,3587.8,YES,YES,NO,3206.2,NO,NO,NO,
2026-10-02 23:33 IST,Nifty Midcap 150,SRF,2486.2,2472.5,0.55,2515.27,2570.42,2686.23,NO,NO,NO,3178.08,2386.96,NO,YES,-21.77,4.16,2420.1,NO,NO,NO,2550.0,YES,NO,NO,2592.0,NO,NO,NO,2789.2,YES,YES,YES,
2026-10-02 23:33 IST,Nifty Midcap 150,PRESTIGE,1486.1,1481.9,0.28,1493.83,1562.44,1482.14,NO,NO,YES,1782.56,1125.08,NO,NO,-16.63,32.09,1417.5,NO,NO,NO,1490.0,NO,NO,YES,1570.0,NO,NO,YES,1665.9,YES,YES,YES,
2026-10-02 23:33 IST,Nifty Midcap 150,ITCHOTELS,158.51,164.13,-3.42,157.82,161.96,167.73,YES,NO,NO,222.8,136.97,NO,NO,-28.86,15.73,160.53,YES,NO,NO,161.23,YES,NO,NO,161.58,NO,NO,NO,178.62,YES,YES,NO,
2026-10-02 23:33 IST,Nifty Midcap 150,BLUESTARCO,1459.6,1518.0,-3.85,1521.04,1542.26,1692.29,NO,NO,NO,2006.86,1445.3,NO,YES,-27.27,0.99,1529.5,YES,NO,NO,1532.6,YES,NO,NO,1490.9,NO,NO,NO,1575.47,NO,NO,NO,
2026-10-02 23:33 IST,Nifty Midcap 150,HUDCO,161.54,166.58,-3.03,173.49,183.92,194.43,NO,NO,NO,236.39,157.32,NO,YES,-31.66,2.68,165.57,NO,NO,NO,177.92,YES,NO,NO,178.58,NO,NO,NO,212.5,YES,YES,YES,
2026-10-02 23:33 IST,Nifty Midcap 150,JUBLFOOD,443.4,456.7,-2.91,477.61,478.23,476.21,NO,NO,NO,626.67,411.98,NO,NO,-29.25,7.63,463.0,NO,NO,NO,483.3,YES,YES,YES,484.4,NO,YES,NO,428.38,YES,NO,NO,
2026-10-02 23:33 IST,Nifty Midcap 150,MRF,123715.0,125280.0,-1.25,126291.25,130309.4,134366.07,NO,NO,NO,162005.81,122381.4,NO,YES,-23.64,1.09,123080.0,NO,NO,NO,124580.0,NO,NO,NO,132335.0,NO,NO,NO,134420.38,YES,YES,NO,
2026-10-02 23:33 IST,Nifty Midcap 150,CONCOR,442.0,447.5,-1.23,483.81,500.93,489.97,NO,NO,NO,544.64,421.62,NO,YES,-18.85,4.83,443.5,NO,NO,NO,464.65,NO,NO,NO,512.98,NO,YES,YES,485.75,YES,YES,NO,
2026-10-02 23:33 IST,Nifty Midcap 150,THERMAX,3360.6,3392.2,-0.93,3546.32,3879.22,3789.39,NO,NO,NO,5138.51,2762.52,NO,NO,-34.6,21.65,3291.0,NO,NO,NO,3464.9,NO,NO,NO,3913.2,NO,NO,YES,4607.5,NO,YES,YES,
2026-10-02 23:33 IST,Nifty Midcap 150,TIINDIA,2340.0,2375.0,-1.47,2581.36,2719.1,2745.47,NO,NO,NO,3306.1,2186.26,NO,NO,-29.22,7.03,2413.0,NO,NO,NO,2578.6,NO,NO,NO,2763.2,NO,NO,NO,2974.18,NO,NO,YES,
2026-10-02 23:33 IST,Nifty Midcap 150,DABUR,374.25,380.1,-1.54,381.93,397.1,444.08,NO,NO,NO,518.62,371.55,NO,YES,-27.84,0.73,380.4,NO,NO,NO,387.4,YES,NO,NO,384.0,NO,NO,NO,438.66,YES,YES,NO,
2026-10-02 23:33 IST,Nifty Midcap 150,MOTILALOFS,989.9,994.0,-0.41,1015.63,964.25,858.08,NO,YES,YES,1082.56,628.2,NO,NO,-8.56,57.58,996.2,NO,YES,YES,1042.5,YES,YES,YES,1016.0,YES,YES,YES,968.35,YES,YES,YES,
2026-10-02 23:33 IST,Nifty Midcap 150,ASTRAL,1344.0,1370.4,-1.93,1420.83,1462.29,1502.86,NO,NO,NO,1743.56,1315.03,NO,YES,-22.92,2.2,1375.0,NO,NO,NO,1394.8,NO,NO,NO,1507.0,YES,YES,YES,1382.83,NO,NO,NO,
2026-10-02 23:33 IST,Nifty Midcap 150,OBEROIRLTY,1754.6,1765.7,-0.63,1800.27,1825.79,1682.54,NO,NO,YES,1951.29,1408.23,NO,NO,-10.08,24.6,1762.9,NO,NO,YES,1850.0,YES,YES,YES,1880.7,YES,YES,YES,1932.31,YES,YES,YES,
2026-10-02 23:33 IST,Nifty Midcap 150,IGL,142.79,144.11,-0.92,147.81,148.79,160.42,NO,NO,NO,213.75,140.56,NO,YES,-33.2,1.59,140.56,NO,NO,NO,145.57,NO,NO,NO,148.31,NO,NO,NO,152.4,NO,NO,NO,
2026-10-02 23:33 IST,Nifty Midcap 150,COLPAL,1735.0,1763.3,-1.6,1835.35,1922.55,2023.32,NO,NO,NO,2268.56,1735.0,NO,YES,-23.52,0.0,1785.1,NO,NO,NO,1886.7,YES,NO,NO,1859.8,NO,NO,NO,2047.0,YES,NO,NO,
2026-10-02 23:33 IST,Nifty Midcap 150,NLCINDIA,253.2,261.7,-3.25,265.26,276.2,284.29,NO,NO,NO,370.55,232.7,NO,NO,-31.67,8.81,255.75,NO,NO,NO,267.1,NO,NO,NO,274.04,NO,NO,NO,313.21,NO,NO,YES,
2026-10-02 23:33 IST,Nifty Midcap 150,ICICIPRULI,448.05,443.8,0.96,472.74,493.69,550.74,NO,NO,NO,686.07,443.8,NO,YES,-34.69,0.96,444.55,NO,NO,NO,484.5,NO,NO,NO,495.45,NO,NO,NO,485.25,NO,NO,NO,
2026-10-02 23:33 IST,Nifty Midcap 150,BIOCON,370.7,370.3,0.11,387.19,407.5,395.03,NO,NO,NO,440.7,339.64,NO,NO,-15.88,9.14,377.0,NO,NO,NO,395.0,YES,NO,NO,401.05,NO,NO,YES,426.8,YES,YES,YES,
2026-10-02 23:33 IST,Nifty Midcap 150,GODFRYPHLP,1849.7,1891.8,-2.23,1966.61,2071.31,2147.76,NO,NO,NO,3387.86,1817.42,NO,YES,-45.4,1.78,1862.0,NO,NO,NO,2003.0,NO,NO,NO,2078.3,NO,NO,NO,2138.81,NO,NO,NO,
2026-10-02 23:33 IST,Nifty Midcap 150,PHOENIXLTD,1930.0,1935.0,-0.26,1914.8,1922.84,1819.43,YES,YES,YES,2151.15,1475.45,NO,NO,-10.28,30.81,1929.0,YES,YES,YES,1993.2,YES,YES,YES,1890.1,NO,NO,YES,2044.89,YES,YES,YES,
2026-10-02 23:33 IST,Nifty Midcap 150,PATANJALI,355.15,363.0,-2.16,364.99,355.72,442.42,NO,NO,NO,601.52,333.96,NO,YES,-40.96,6.35,371.4,YES,YES,NO,409.45,YES,YES,NO,345.8,NO,NO,NO,411.25,NO,NO,NO,
2026-10-02 23:33 IST,Nifty Midcap 150,MPHASIS,2250.2,2154.4,4.45,2298.5,2377.63,2357.13,NO,NO,NO,2876.48,1993.94,NO,NO,-21.77,12.85,2154.4,NO,NO,NO,2259.0,NO,NO,NO,2505.5,YES,YES,YES,2236.64,YES,YES,NO,
2026-10-02 23:33 IST,Nifty Midcap 150,ESCORTS,2667.3,2715.2,-1.76,2859.76,2975.51,3139.99,NO,NO,NO,3898.11,2667.3,NO,YES,-31.57,0.0,2706.2,NO,NO,NO,2796.9,NO,NO,NO,3016.1,NO,YES,NO,2964.9,YES,YES,NO,
2026-10-02 23:33 IST,Nifty Midcap 150,IRCTC,454.1,455.4,-0.29,464.25,483.23,544.5,NO,NO,NO,720.65,452.47,NO,YES,-36.99,0.36,452.55,NO,NO,NO,463.8,NO,NO,NO,480.84,NO,NO,NO,509.41,NO,NO,NO,
2026-10-02 23:33 IST,Nifty Midcap 150,SONACOMS,805.0,830.0,-3.01,801.78,794.3,612.99,YES,YES,YES,833.0,402.77,YES,NO,-3.36,99.87,815.65,YES,YES,YES,833.0,YES,YES,YES,809.5,NO,YES,YES,660.1,YES,YES,YES,
2026-10-02 23:33 IST,Nifty Midcap 150,SUPREMEIND,3380.0,3451.0,-2.06,3462.63,3497.39,3558.14,NO,NO,NO,4222.04,3157.8,NO,NO,-19.94,7.04,3445.8,NO,NO,NO,3497.1,YES,YES,NO,3605.0,YES,YES,YES,3228.7,NO,NO,NO,
2026-10-02 23:33 IST,Nifty Midcap 150,FACT,734.95,757.95,-3.03,779.22,803.93,836.97,NO,NO,NO,997.8,662.1,NO,NO,-26.34,11.0,757.2,NO,NO,NO,796.7,YES,NO,NO,815.25,NO,NO,NO,883.3,NO,NO,YES,
2026-10-02 23:33 IST,Nifty Midcap 150,AWL,175.43,177.68,-1.27,184.61,189.3,195.7,NO,NO,NO,276.16,171.4,NO,YES,-36.48,2.35,178.75,NO,NO,NO,186.18,NO,NO,NO,194.38,YES,YES,NO,191.11,YES,NO,NO,
2026-10-02 23:33 IST,Nifty Midcap 150,NAM-INDIA,1046.0,1070.0,-2.24,1149.67,1170.26,1028.01,NO,NO,YES,1251.0,790.32,NO,NO,-16.39,32.35,1068.0,NO,NO,YES,1165.0,NO,NO,YES,1178.9,NO,NO,YES,1218.2,YES,YES,YES,
2026-10-02 23:33 IST,Nifty Midcap 150,NYKAA,324.95,320.0,1.55,334.22,333.02,284.64,NO,NO,YES,349.55,234.7,NO,NO,-7.04,38.45,327.35,NO,NO,YES,340.85,YES,YES,YES,338.5,YES,YES,YES,310.3,YES,YES,YES,
2026-10-02 23:33 IST,Nifty Midcap 150,EXIDEIND,409.45,412.6,-0.76,419.95,441.61,375.35,NO,NO,YES,490.65,286.53,NO,NO,-16.55,42.9,407.0,NO,NO,YES,425.95,YES,NO,YES,436.25,NO,NO,YES,416.6,YES,YES,YES,
2026-10-02 23:33 IST,Nifty Midcap 150,360ONE,1040.0,1030.0,0.97,1082.38,1133.84,1103.72,NO,NO,NO,1210.0,923.89,NO,NO,-14.05,12.57,1029.2,NO,NO,NO,1108.0,NO,NO,YES,1165.6,NO,YES,YES,1109.5,YES,YES,YES,
2026-10-02 23:33 IST,Nifty Midcap 150,APOLLOTYRE,404.75,404.7,0.01,411.45,426.6,438.03,NO,NO,NO,530.15,369.69,NO,NO,-23.65,9.48,406.75,NO,NO,NO,405.7,NO,NO,NO,442.7,YES,YES,NO,445.95,YES,YES,NO,
2026-10-02 23:33 IST,Nifty Midcap 150,ACC,1182.8,1204.1,-1.77,1243.74,1296.34,1437.52,NO,NO,NO,1902.69,1182.8,NO,YES,-37.84,0.0,1202.6,NO,NO,NO,1251.4,NO,NO,NO,1272.3,NO,NO,NO,1393.8,YES,YES,NO,
2026-10-02 23:33 IST,Nifty Midcap 150,COROMANDEL,1763.6,1758.2,0.31,1929.15,1985.36,2055.34,NO,NO,NO,2396.41,1743.9,NO,YES,-26.41,1.13,1792.9,NO,NO,NO,1956.0,YES,NO,NO,1922.9,NO,NO,NO,2032.32,YES,YES,NO,
2026-10-02 23:33 IST,Nifty Midcap 150,SJVN,57.91,59.32,-2.38,63.97,65.62,71.14,NO,NO,NO,89.59,57.91,NO,YES,-35.36,0.0,59.83,NO,NO,NO,63.25,NO,NO,NO,64.92,NO,NO,NO,72.17,NO,NO,NO,
2026-10-02 23:33 IST,Nifty Midcap 150,TORNTPOWER,1242.9,1245.9,-0.24,1271.63,1299.7,1404.58,NO,NO,NO,1766.38,1183.59,NO,YES,-29.64,5.01,1220.2,NO,NO,NO,1259.4,NO,NO,NO,1219.3,NO,NO,NO,1366.5,NO,NO,NO,
2026-10-02 23:33 IST,Nifty Midcap 150,JSWINFRA,357.45,356.6,0.24,344.27,337.28,292.27,YES,YES,YES,367.6,233.61,YES,NO,-2.76,53.01,350.0,YES,YES,YES,363.6,YES,YES,YES,334.8,NO,YES,YES,326.05,YES,YES,YES,
2026-10-02 23:33 IST,Nifty Midcap 150,HEXT,490.45,494.1,-0.74,508.93,540.31,544.91,NO,NO,NO,777.85,399.45,NO,NO,-36.95,22.78,482.1,NO,NO,NO,500.0,NO,NO,NO,551.1,NO,NO,NO,546.6,YES,YES,NO,
2026-10-02 23:33 IST,Nifty Midcap 150,ALKEM,5220.0,5163.5,1.09,5235.55,5391.2,5464.7,NO,NO,NO,5832.46,5087.5,NO,YES,-10.5,2.6,5250.0,YES,NO,NO,5417.5,YES,NO,NO,5300.0,NO,NO,NO,5552.56,YES,YES,YES,
2026-10-02 23:33 IST,Nifty Midcap 150,PAGEIND,36660.0,36385.0,0.76,36107.75,37105.65,36134.02,YES,NO,YES,43370.55,29916.57,NO,NO,-15.47,22.54,36580.0,YES,NO,YES,37340.0,YES,NO,YES,35675.0,NO,NO,NO,42565.0,YES,YES,YES,
2026-10-02 23:33 IST,Nifty Midcap 150,BHARTIHEXA,1379.2,1424.5,-3.18,1504.5,1548.2,1563.6,NO,NO,NO,1893.47,1379.2,NO,YES,-27.16,0.0,1409.4,NO,NO,NO,1525.2,NO,NO,NO,1511.7,NO,NO,NO,1438.28,NO,NO,NO,
2026-10-02 23:33 IST,Nifty Midcap 150,M&MFIN,319.75,324.85,-1.57,351.57,372.01,338.44,NO,NO,NO,412.3,267.38,NO,NO,-22.45,19.59,328.05,NO,NO,NO,348.6,NO,NO,YES,364.4,NO,YES,YES,326.7,YES,YES,YES,
2026-10-02 23:33 IST,Nifty Midcap 150,TATAINVEST,615.05,620.05,-0.81,657.31,658.06,660.86,NO,NO,NO,1052.57,538.37,NO,NO,-41.57,14.24,625.45,NO,NO,NO,674.3,YES,YES,YES,633.65,NO,NO,NO,667.3,NO,NO,NO,
2026-10-02 23:33 IST,Nifty Midcap 150,JSL,732.7,747.4,-1.97,745.56,732.25,744.28,NO,YES,NO,860.97,659.14,NO,NO,-14.9,11.16,738.3,NO,YES,NO,758.55,YES,YES,YES,734.0,YES,YES,NO,695.23,YES,NO,NO,
2026-10-02 23:33 IST,Nifty Midcap 150,DEEPAKNTR,1492.8,1529.8,-2.42,1608.34,1680.92,1628.96,NO,NO,NO,1867.37,1280.95,NO,NO,-20.06,16.54,1529.0,NO,NO,NO,1635.8,NO,NO,YES,1782.8,YES,YES,YES,1551.02,NO,NO,NO,
2026-10-02 23:33 IST,Nifty Midcap 150,LINDEINDIA,6247.5,6323.0,-1.19,6247.35,6535.93,6730.74,YES,NO,NO,7834.21,5685.86,NO,NO,-20.25,9.88,6199.5,NO,NO,NO,6286.0,NO,NO,NO,6373.0,NO,NO,NO,7166.35,YES,NO,YES,
2026-10-02 23:33 IST,Nifty Midcap 150,SUNDARMFIN,4395.9,4355.0,0.94,4629.52,4582.17,4759.14,NO,NO,NO,5552.22,4047.76,NO,NO,-20.83,8.6,4334.8,NO,NO,NO,4654.9,NO,YES,NO,4540.1,NO,NO,NO,4551.4,YES,YES,NO,
2026-10-02 23:33 IST,Nifty Midcap 150,AJANTPHARM,3581.0,3620.8,-1.1,3535.19,3526.67,3084.57,YES,YES,YES,3718.2,2340.47,YES,NO,-3.69,53.0,3557.5,YES,YES,YES,3568.1,YES,YES,YES,3504.8,NO,YES,YES,3296.1,YES,YES,YES,
2026-10-02 23:33 IST,Nifty Midcap 150,SYNGENE,361.3,365.3,-1.09,381.48,394.95,453.18,NO,NO,NO,661.98,361.3,NO,YES,-45.42,0.0,367.2,NO,NO,NO,381.85,NO,NO,NO,402.05,NO,NO,NO,440.0,NO,NO,NO,
2026-10-02 23:33 IST,Nifty Midcap 150,TATACOMM,1683.0,1656.2,1.62,1727.59,1728.34,1697.87,NO,NO,NO,2061.7,1335.75,NO,NO,-18.37,26.0,1654.7,NO,NO,NO,1700.6,NO,NO,NO,1733.8,YES,NO,YES,1906.7,NO,YES,YES,
2026-10-02 23:33 IST,Nifty Midcap 150,IRB,17.0,17.49,-2.8,18.65,19.13,20.46,NO,NO,NO,22.73,16.98,NO,YES,-25.21,0.12,16.98,NO,NO,NO,18.03,NO,NO,NO,19.35,YES,NO,NO,21.25,YES,YES,YES,
2026-10-02 23:33 IST,Nifty Midcap 150,PIIND,2236.0,2310.0,-3.2,2351.54,2500.91,2848.33,NO,NO,NO,3800.59,2236.0,NO,YES,-41.17,0.0,2288.8,NO,NO,NO,2386.0,YES,NO,NO,2397.1,NO,NO,NO,2636.64,NO,NO,NO,
2026-10-02 23:33 IST,Nifty Midcap 150,DALBHARAT,1682.1,1683.7,-0.1,1719.34,1790.61,1884.15,NO,NO,NO,2242.9,1605.49,NO,YES,-25.0,4.77,1637.4,NO,NO,NO,1744.0,NO,NO,NO,1806.6,NO,NO,NO,1765.1,YES,NO,NO,
2026-10-02 23:33 IST,Nifty Midcap 150,IOB,30.38,30.96,-1.87,32.38,33.09,34.1,NO,NO,NO,40.67,30.38,NO,YES,-25.3,0.0,30.95,NO,NO,NO,32.13,NO,NO,NO,32.27,NO,NO,NO,34.37,YES,YES,NO,
2026-10-02 23:33 IST,Nifty Midcap 150,AIAENG,3824.4,3869.0,-1.15,4020.74,4298.95,4118.62,NO,NO,NO,5062.37,3041.87,NO,NO,-24.45,25.73,3835.7,NO,NO,NO,3970.0,NO,NO,NO,4241.56,NO,NO,YES,4782.02,YES,YES,YES,
2026-10-02 23:33 IST,Nifty Midcap 150,IPCALAB,1943.2,1927.0,0.84,1964.88,1882.22,1626.76,NO,YES,YES,2009.6,1264.31,YES,NO,-3.3,53.7,1938.1,NO,YES,YES,1962.6,NO,YES,YES,1987.6,YES,YES,YES,1772.75,YES,YES,YES,
2026-10-02 23:33 IST,Nifty Midcap 150,BERGEPAINT,452.4,455.45,-0.67,461.05,496.51,486.85,NO,NO,NO,585.68,401.47,NO,NO,-22.76,12.69,448.2,NO,NO,NO,459.75,NO,NO,NO,490.85,NO,NO,NO,515.56,NO,YES,YES,
2026-10-02 23:33 IST,Nifty Midcap 150,JKCEMENT,4952.0,5076.0,-2.44,4983.07,5218.65,5388.82,NO,NO,NO,6700.06,4683.57,NO,YES,-26.09,5.73,4824.5,NO,NO,NO,5085.0,YES,NO,NO,5078.5,NO,NO,NO,5475.12,YES,YES,NO,
2026-10-02 23:33 IST,Nifty Midcap 150,UCOBANK,22.93,23.28,-1.5,23.88,25.12,26.35,NO,NO,NO,33.03,22.08,NO,YES,-30.58,3.85,23.05,NO,NO,NO,24.04,NO,NO,NO,24.59,NO,NO,NO,26.96,YES,YES,NO,
2026-10-02 23:33 IST,Nifty Midcap 150,KPRMILL,1071.0,1103.3,-2.93,1127.85,1108.78,991.11,NO,NO,YES,1215.78,808.81,NO,NO,-11.91,32.42,1081.5,NO,NO,YES,1136.7,NO,YES,YES,1177.6,YES,YES,YES,1178.21,YES,YES,YES,
2026-10-02 23:33 IST,Nifty Midcap 150,SCHAEFFLER,3885.6,3897.1,-0.3,3986.14,4033.74,3994.07,NO,NO,NO,4355.0,3534.22,NO,NO,-10.78,9.94,3920.0,NO,NO,NO,4085.7,YES,YES,YES,4000.2,NO,NO,YES,4162.1,YES,YES,YES,
2026-10-02 23:33 IST,Nifty Midcap 150,HONAUT,33470.0,33460.0,0.03,34412.25,36209.0,33723.73,NO,NO,NO,40105.0,26250.78,NO,NO,-16.54,27.5,33980.0,NO,NO,YES,34275.0,NO,NO,YES,35530.0,NO,NO,YES,39433.51,YES,YES,YES,
2026-10-02 23:33 IST,Nifty Midcap 150,ABBOTINDIA,26840.0,27125.0,-1.05,26354.25,26877.56,26407.05,YES,NO,YES,29563.22,24604.26,NO,NO,-9.21,9.09,27270.0,YES,YES,YES,26935.0,YES,YES,YES,25850.0,NO,NO,NO,25136.79,NO,NO,NO,
2026-10-02 23:33 IST,Nifty Midcap 150,BALKRISIND,2083.5,2117.0,-1.58,2198.06,2282.7,2273.36,NO,NO,NO,2706.88,1967.16,NO,YES,-23.03,5.91,2126.2,NO,NO,NO,2199.6,NO,NO,NO,2331.8,NO,YES,YES,2212.7,YES,YES,NO,
2026-10-02 23:33 IST,Nifty Midcap 150,ENDURANCE,2601.4,2656.5,-2.07,2699.95,2810.91,2588.46,NO,NO,YES,3029.5,2192.17,NO,NO,-14.13,18.67,2654.8,NO,NO,YES,2669.6,NO,NO,YES,2841.7,NO,YES,YES,2629.97,YES,YES,YES,
2026-10-02 23:33 IST,Nifty Midcap 150,CRISIL,4428.6,4450.8,-0.5,4629.41,4559.08,4305.29,NO,NO,YES,4972.56,3689.72,NO,NO,-10.94,20.03,4464.1,NO,NO,YES,4605.8,NO,YES,YES,4821.8,YES,YES,YES,4072.21,YES,YES,NO,
2026-10-02 23:33 IST,Nifty Midcap 150,PGHH,6639.0,6798.5,-2.35,7390.15,7963.97,9796.63,NO,NO,NO,14040.13,6639.0,NO,YES,-52.71,0.0,6871.5,NO,NO,NO,7193.5,NO,NO,NO,7881.5,NO,NO,NO,8835.06,NO,NO,NO,
2026-10-02 23:33 IST,Nifty Midcap 150,GODREJIND,1019.6,1039.4,-1.9,1114.45,1195.88,1073.95,NO,NO,NO,1417.7,749.0,NO,NO,-28.08,36.13,1055.7,NO,NO,NO,1106.0,NO,NO,YES,1152.9,NO,NO,YES,1209.8,YES,YES,YES,
2026-10-02 23:33 IST,Nifty Midcap 150,MEDANTA,1357.3,1365.0,-0.56,1451.18,1435.9,1235.08,NO,NO,YES,1508.9,960.76,NO,NO,-10.05,41.27,1415.1,NO,NO,YES,1496.1,YES,YES,YES,1479.7,YES,YES,YES,1344.82,YES,YES,YES,
2026-10-02 23:33 IST,Nifty Midcap 150,3MINDIA,30795.0,32160.0,-4.24,33138.5,34209.5,33472.27,NO,NO,NO,37097.74,28423.36,NO,NO,-16.99,8.34,31890.0,NO,NO,NO,34615.0,YES,YES,YES,33320.0,NO,NO,NO,33475.2,YES,YES,YES,
2026-10-02 23:33 IST,Nifty Midcap 150,UBL,1188.8,1158.1,2.65,1243.63,1323.0,1430.56,NO,NO,NO,1827.3,1158.1,NO,YES,-34.94,2.65,1210.2,NO,NO,NO,1242.3,NO,NO,NO,1308.9,NO,NO,NO,1335.5,YES,NO,NO,
2026-10-02 23:33 IST,Nifty Midcap 150,GLAXO,2771.1,2769.3,0.06,2859.55,2802.6,2473.76,NO,NO,YES,3106.4,2103.2,NO,NO,-10.79,31.76,2783.8,NO,NO,YES,2876.9,NO,YES,YES,2996.1,YES,YES,YES,2395.5,YES,YES,NO,
2026-10-02 23:33 IST,Nifty Midcap 150,NIACL,160.21,167.02,-4.08,192.14,184.7,162.66,NO,NO,NO,231.2,116.86,NO,NO,-30.71,37.1,168.29,NO,NO,YES,191.16,NO,YES,YES,185.77,YES,YES,YES,184.3,YES,YES,YES,
2026-10-02 23:33 IST,Nifty Midcap 150,GICRE,323.9,331.15,-2.19,342.37,342.67,358.02,NO,NO,NO,394.12,320.25,NO,YES,-17.82,1.14,320.25,NO,NO,NO,344.15,NO,NO,NO,341.55,NO,NO,NO,347.52,NO,NO,NO,
2026-10-02 23:33 IST,Nifty Microcap 250,STLTECH,955.35,909.9,5.0,834.43,709.91,404.14,YES,YES,YES,955.35,86.24,YES,NO,0.0,1007.78,866.6,YES,YES,YES,867.1,YES,YES,YES,693.7,YES,YES,YES,576.8,NO,YES,YES,
2026-10-02 23:33 IST,Nifty Microcap 250,NAZARA,384.7,392.85,-2.07,371.28,355.58,292.67,YES,YES,YES,392.85,217.65,YES,NO,-2.07,76.75,388.4,YES,YES,YES,372.7,YES,YES,YES,367.65,YES,YES,YES,305.65,YES,YES,YES,
2026-10-02 23:33 IST,Nifty Microcap 250,GRINFRA,790.2,800.6,-1.3,834.47,863.67,910.87,NO,NO,NO,1279.82,790.2,NO,YES,-38.26,0.0,816.25,NO,NO,NO,825.65,NO,NO,NO,882.5,NO,NO,NO,912.95,YES,NO,NO,
2026-10-02 23:33 IST,Nifty Microcap 250,SHAILY,3009.1,3063.0,-1.76,3212.7,3220.16,2595.28,NO,NO,YES,3454.83,1819.98,NO,NO,-12.9,65.34,3040.8,NO,NO,YES,3211.0,NO,YES,YES,3263.4,NO,YES,YES,2899.03,YES,YES,YES,
2026-10-02 23:33 IST,Nifty Microcap 250,BELRISE,237.5,240.36,-1.19,236.2,236.71,209.71,YES,YES,YES,260.72,144.76,NO,NO,-8.91,64.06,240.52,YES,YES,YES,249.78,YES,YES,YES,230.17,NO,NO,YES,230.18,NO,YES,YES,
2026-10-02 23:33 IST,Nifty Microcap 250,WEBELSOLAR,68.7,70.56,-2.64,73.65,82.22,86.73,NO,NO,NO,134.83,51.72,NO,NO,-49.05,32.83,70.62,NO,NO,NO,73.93,NO,NO,NO,74.25,NO,NO,NO,106.46,YES,NO,YES,
2026-10-02 23:33 IST,Nifty Microcap 250,KTKBANK,321.6,329.0,-2.25,326.05,313.34,251.13,NO,YES,YES,343.05,168.45,YES,NO,-6.25,90.92,324.25,NO,YES,YES,343.05,YES,YES,YES,325.81,YES,YES,YES,259.35,NO,NO,YES,
2026-10-02 23:33 IST,Nifty Microcap 250,KRN,1414.7,1436.5,-1.52,1491.51,1417.87,1097.75,NO,NO,YES,1660.2,598.1,NO,NO,-14.79,136.53,1443.1,NO,YES,YES,1412.6,NO,YES,YES,1527.4,YES,YES,YES,1214.8,NO,YES,YES,
2026-10-02 23:33 IST,Nifty Microcap 250,ACUTAAS,3196.5,3279.4,-2.53,3289.71,3259.66,2682.03,NO,NO,YES,3692.04,1380.47,NO,NO,-13.42,131.55,3304.1,YES,YES,YES,3265.2,NO,NO,YES,3171.93,NO,NO,YES,3692.04,YES,YES,YES,
2026-10-02 23:33 IST,Nifty Microcap 250,CYIENTDLM,893.9,914.1,-2.21,909.38,797.89,498.71,NO,YES,YES,976.25,272.3,NO,NO,-8.44,228.28,921.15,YES,YES,YES,963.5,YES,YES,YES,857.2,YES,YES,YES,509.4,YES,YES,YES,
2026-10-02 23:33 IST,Nifty Microcap 250,CSBBANK,304.75,311.0,-2.01,321.59,326.67,375.79,NO,NO,NO,557.45,296.35,NO,YES,-45.33,2.83,316.2,NO,NO,NO,336.4,YES,YES,NO,338.95,YES,YES,NO,352.2,NO,NO,NO,
2026-10-02 23:33 IST,Nifty Microcap 250,UJJIVANSFB,65.6,67.5,-2.81,64.79,68.04,60.41,YES,NO,YES,72.47,47.58,NO,NO,-9.48,37.87,65.26,YES,NO,YES,66.01,YES,NO,YES,65.36,NO,NO,YES,59.6,YES,YES,YES,
2026-10-02 23:33 IST,Nifty Microcap 250,MOIL,232.66,237.76,-2.15,245.04,259.09,295.34,NO,NO,NO,387.79,232.66,NO,YES,-40.0,0.0,243.96,NO,NO,NO,248.7,YES,NO,NO,250.43,NO,NO,NO,282.2,NO,NO,NO,
2026-10-02 23:33 IST,Nifty Microcap 250,KPIGREEN,345.6,358.95,-3.72,311.89,331.47,393.81,YES,YES,NO,537.58,276.01,NO,NO,-35.71,25.21,371.25,YES,YES,NO,350.05,YES,YES,NO,307.42,NO,NO,NO,403.8,YES,NO,NO,
2026-10-02 23:33 IST,Nifty Microcap 250,MTARTECH,7797.0,7797.0,0.0,7222.75,6859.5,5402.14,YES,YES,YES,8374.5,1880.7,YES,NO,-6.9,314.58,7426.0,YES,YES,YES,7286.5,YES,YES,YES,6946.5,NO,YES,YES,7033.5,NO,NO,YES,
2026-10-02 23:33 IST,Nifty Microcap 250,SOUTHBANK,47.44,48.24,-1.66,46.93,46.33,42.26,YES,YES,YES,49.95,29.08,YES,NO,-5.03,63.14,48.71,YES,YES,YES,47.08,YES,YES,YES,45.91,YES,YES,YES,45.65,NO,YES,YES,
2026-10-02 23:33 IST,Nifty Microcap 250,CARTRADE,2806.6,2899.8,-3.21,2996.92,2923.76,2381.2,NO,NO,YES,3268.0,1623.4,NO,NO,-14.12,72.88,2907.5,NO,NO,YES,3001.8,NO,YES,YES,2970.1,YES,YES,YES,2699.6,YES,YES,YES,
2026-10-02 23:33 IST,Nifty Microcap 250,ROUTE,436.4,445.0,-1.93,480.47,505.62,533.88,NO,NO,NO,781.5,410.96,NO,YES,-44.16,6.19,447.2,NO,NO,NO,473.25,NO,NO,NO,501.95,NO,NO,NO,547.27,YES,YES,NO,
2026-10-02 23:33 IST,Nifty Microcap 250,EDELWEISS,137.9,142.73,-3.38,135.1,126.05,115.86,YES,YES,YES,142.73,98.58,YES,NO,-3.38,39.89,137.77,YES,YES,YES,142.03,YES,YES,YES,127.53,YES,YES,YES,122.97,YES,YES,YES,
2026-10-02 23:33 IST,Nifty Microcap 250,PARADEEP,151.22,154.28,-1.98,154.88,151.01,134.85,NO,YES,YES,194.34,102.18,NO,NO,-22.19,47.99,154.08,NO,YES,YES,154.26,NO,YES,YES,155.97,YES,YES,YES,145.16,YES,YES,YES,
2026-10-02 23:33 IST,Nifty Microcap 250,LUMAXTECH,1978.9,2076.7,-4.71,2012.46,1898.06,1663.32,NO,YES,YES,2116.4,1124.05,YES,NO,-6.5,76.05,2011.7,YES,YES,YES,2044.9,YES,YES,YES,2060.0,YES,YES,YES,1519.56,NO,NO,YES,
2026-10-02 23:33 IST,Nifty Microcap 250,UNIMECH,1773.0,1724.0,2.84,1610.18,1480.19,1096.07,YES,YES,YES,1773.0,706.3,YES,NO,0.0,151.03,1675.0,YES,YES,YES,1716.1,YES,YES,YES,1475.1,YES,YES,YES,1155.4,YES,YES,YES,
2026-10-02 23:33 IST,Nifty Microcap 250,HCC,20.23,20.41,-0.88,22.06,21.8,20.7,NO,NO,NO,29.02,13.73,NO,NO,-30.29,47.34,20.71,NO,NO,YES,22.17,NO,YES,YES,23.36,YES,YES,YES,24.83,NO,YES,YES,
2026-10-02 23:33 IST,Nifty Microcap 250,TIMETECHNO,179.68,182.36,-1.47,181.24,190.47,182.45,NO,NO,NO,221.72,153.98,NO,NO,-18.96,16.69,183.92,YES,NO,YES,181.96,NO,NO,NO,188.95,NO,NO,YES,179.54,YES,YES,NO,
2026-10-02 23:33 IST,Nifty Microcap 250,PARAS,1276.0,1311.0,-2.67,1389.72,1365.56,957.62,NO,NO,YES,1526.25,584.2,NO,NO,-16.4,118.42,1325.0,NO,NO,YES,1381.2,NO,YES,YES,1380.1,NO,YES,YES,1293.11,YES,YES,YES,
2026-10-02 23:33 IST,Nifty Microcap 250,THOMASCOOK,100.7,102.39,-1.65,106.04,105.3,108.11,NO,NO,NO,166.6,87.59,NO,NO,-39.56,14.97,103.92,NO,NO,NO,105.12,NO,NO,NO,105.71,NO,YES,NO,103.7,NO,YES,NO,
2026-10-02 23:33 IST,Nifty Microcap 250,AVANTIFEED,711.55,717.8,-0.87,776.12,837.63,1036.68,NO,NO,NO,1486.54,633.07,NO,NO,-52.13,12.4,747.5,NO,NO,NO,767.2,NO,NO,NO,833.75,NO,NO,NO,944.89,NO,NO,NO,
2026-10-02 23:33 IST,Nifty Microcap 250,WAAREERTL,808.8,819.95,-1.36,829.29,869.96,925.36,NO,NO,NO,1330.5,782.3,NO,YES,-39.21,3.39,821.4,NO,NO,NO,848.0,YES,NO,NO,863.8,NO,NO,NO,1020.3,YES,YES,YES,
2026-10-02 23:33 IST,Nifty Microcap 250,WABAG,2004.9,2061.4,-2.74,2084.41,2024.58,1595.05,NO,NO,YES,2277.9,1046.55,NO,NO,-11.98,91.57,2093.8,YES,YES,YES,2048.7,NO,YES,YES,2013.9,YES,NO,YES,2075.84,YES,YES,YES,
2026-10-02 23:33 IST,Nifty Microcap 250,SHAKTIPUMP,454.1,461.35,-1.57,472.37,493.83,555.34,NO,NO,NO,821.96,454.1,NO,YES,-44.75,0.0,458.0,NO,NO,NO,476.8,NO,NO,NO,477.95,NO,NO,NO,572.99,YES,YES,NO,
2026-10-02 23:33 IST,Nifty Microcap 250,TDPOWERSYS,792.15,786.05,0.78,752.44,704.35,542.02,YES,YES,YES,804.9,297.02,YES,NO,-1.58,166.7,777.35,YES,YES,YES,765.5,YES,YES,YES,758.05,YES,YES,YES,545.37,NO,NO,YES,
2026-10-02 23:33 IST,Nifty Microcap 250,DCAL,150.35,157.47,-4.52,168.03,176.92,189.99,NO,NO,NO,297.6,129.97,NO,NO,-49.48,15.68,161.39,NO,NO,NO,173.33,YES,NO,NO,181.83,NO,NO,NO,196.54,YES,YES,NO,
2026-10-02 23:33 IST,Nifty Microcap 250,PCJEWELLER,12.82,13.2,-2.88,13.23,11.25,9.88,NO,YES,YES,14.47,7.57,NO,NO,-11.4,69.35,13.23,YES,YES,YES,14.47,YES,YES,YES,10.32,YES,YES,YES,10.3,YES,YES,YES,
2026-10-02 23:33 IST,Nifty Microcap 250,PNGJL,581.95,590.15,-1.39,604.2,618.67,592.19,NO,NO,NO,727.9,509.95,NO,NO,-20.05,14.12,585.05,NO,NO,NO,605.0,YES,NO,YES,586.65,NO,NO,NO,569.35,YES,NO,NO,
2026-10-02 23:33 IST,Nifty Microcap 250,AHLUCONT,555.9,550.05,1.06,583.64,686.29,797.24,NO,NO,NO,1052.43,550.05,NO,YES,-47.18,1.06,551.55,NO,NO,NO,580.6,NO,NO,NO,611.76,NO,NO,NO,828.4,NO,YES,NO,
2026-10-02 23:33 IST,Nifty Microcap 250,ZAGGLE,171.73,173.18,-0.84,179.93,189.61,234.82,NO,NO,NO,401.35,160.48,NO,NO,-57.21,7.01,173.84,NO,NO,NO,179.86,NO,NO,NO,184.42,NO,NO,NO,212.95,YES,NO,NO,
2026-10-02 23:33 IST,Nifty Microcap 250,AETHER,1670.0,1699.3,-1.72,1655.78,1616.8,1232.5,YES,YES,YES,1767.0,732.6,YES,NO,-5.49,127.96,1749.9,YES,YES,YES,1648.2,YES,YES,YES,1683.7,YES,YES,YES,1359.6,YES,YES,YES,
2026-10-02 23:33 IST,Nifty Microcap 250,BLACKBUCK,606.15,607.9,-0.29,605.62,586.67,583.74,YES,YES,YES,733.5,500.2,NO,NO,-17.36,21.18,622.4,YES,YES,YES,616.05,YES,YES,YES,580.3,NO,YES,NO,549.0,YES,YES,NO,
2026-10-02 23:33 IST,Nifty Microcap 250,STAR,1084.8,1120.0,-3.14,1176.05,1073.38,1005.26,NO,YES,YES,1235.1,789.85,NO,NO,-12.17,37.34,1172.6,YES,YES,YES,1223.3,YES,YES,YES,1024.2,YES,NO,YES,1121.55,YES,YES,YES,
2026-10-02 23:33 IST,Nifty Microcap 250,ZYDUSWELL,493.25,512.8,-3.81,537.21,533.08,487.28,NO,NO,YES,602.5,372.76,NO,NO,-18.13,32.32,506.1,NO,NO,YES,531.0,NO,NO,YES,528.8,YES,NO,YES,597.11,YES,YES,YES,
2026-10-02 23:33 IST,Nifty Microcap 250,SWSOLAR,164.82,171.18,-3.72,178.77,192.15,200.3,NO,NO,NO,249.99,148.88,NO,NO,-34.07,10.71,171.08,NO,NO,NO,180.76,NO,NO,NO,187.42,NO,NO,NO,246.9,YES,YES,YES,
2026-10-02 23:33 IST,Nifty Microcap 250,DCBBANK,199.71,203.54,-1.88,219.12,205.13,187.24,NO,NO,YES,229.55,127.52,NO,NO,-13.0,56.61,202.37,NO,NO,YES,223.69,YES,YES,YES,224.39,YES,YES,YES,189.27,YES,YES,YES,
2026-10-02 23:33 IST,Nifty Microcap 250,SANSERA,4276.6,4537.5,-5.75,4210.78,3895.32,2765.06,YES,YES,YES,4662.4,1397.29,NO,NO,-8.27,206.06,4362.2,YES,YES,YES,4621.4,YES,YES,YES,3899.07,YES,YES,YES,3248.22,YES,YES,YES,
2026-10-02 23:33 IST,Nifty Microcap 250,GOKEX,688.75,687.8,0.14,734.52,772.08,724.87,NO,NO,NO,949.35,541.95,NO,NO,-27.45,27.09,678.55,NO,NO,NO,710.25,NO,NO,NO,780.5,NO,NO,YES,858.9,YES,YES,YES,
2026-10-02 23:33 IST,Nifty Microcap 250,THANGAMAYL,4861.0,5062.0,-3.97,5124.5,5409.1,4508.08,NO,NO,YES,7309.5,1945.26,NO,NO,-33.5,149.89,5204.5,YES,NO,YES,5317.0,YES,NO,YES,5311.5,NO,NO,YES,6142.32,YES,YES,YES,
2026-10-02 23:33 IST,Nifty Microcap 250,INDIASHLTR,645.6,635.6,1.57,661.63,678.99,746.89,NO,NO,NO,906.99,628.9,NO,YES,-28.82,2.66,639.75,NO,NO,NO,667.15,YES,NO,NO,650.0,NO,NO,NO,772.5,YES,NO,NO,
2026-10-02 23:33 IST,Nifty Microcap 250,RAIN,208.52,213.94,-2.53,213.51,213.42,168.07,NO,NO,YES,241.86,101.01,NO,NO,-13.78,106.44,215.41,YES,YES,YES,221.86,YES,YES,YES,206.55,NO,NO,YES,186.86,NO,YES,YES,
2026-10-02 23:33 IST,Nifty Microcap 250,OSWALPUMPS,264.25,266.75,-0.94,276.34,298.52,372.08,NO,NO,NO,774.85,264.25,NO,YES,-65.9,0.0,266.25,NO,NO,NO,284.25,YES,NO,NO,291.35,NO,NO,NO,409.45,NO,YES,NO,
2026-10-02 23:33 IST,Nifty Microcap 250,SHARDACROP,709.2,723.5,-1.98,754.99,783.96,919.22,NO,NO,NO,1242.26,709.2,NO,YES,-42.91,0.0,721.45,NO,NO,NO,758.05,NO,NO,NO,788.3,YES,NO,NO,900.69,YES,NO,NO,
2026-10-02 23:33 IST,Nifty Microcap 250,RENUKA,21.34,21.89,-2.51,23.62,23.27,24.41,NO,NO,NO,30.78,21.34,NO,YES,-30.67,0.0,22.54,NO,NO,NO,23.04,NO,NO,NO,24.21,YES,YES,NO,22.99,YES,NO,NO,
2026-10-02 23:33 IST,Nifty Microcap 250,IXIGO,161.9,162.89,-0.61,162.14,172.38,187.09,NO,NO,NO,335.55,151.68,NO,YES,-51.75,6.74,160.24,NO,NO,NO,163.9,YES,NO,NO,158.57,NO,NO,NO,222.23,YES,YES,YES,
2026-10-02 23:33 IST,Nifty Microcap 250,RTNPOWER,6.74,6.89,-2.18,7.11,7.8,8.72,NO,NO,NO,11.66,6.74,NO,YES,-42.2,0.0,6.87,NO,NO,NO,7.11,NO,NO,NO,7.45,NO,NO,NO,9.16,NO,NO,NO,
2026-10-02 23:33 IST,Nifty Microcap 250,AARTIDRUGS,421.0,430.9,-2.3,429.08,421.57,387.81,NO,NO,YES,521.8,319.75,NO,NO,-19.32,31.67,428.6,YES,YES,YES,436.25,YES,YES,YES,427.1,YES,YES,YES,386.6,YES,YES,NO,
2026-10-02 23:33 IST,Nifty Microcap 250,TEXRAIL,126.86,131.73,-3.7,118.42,112.06,110.99,YES,YES,YES,141.43,78.3,NO,NO,-10.3,62.02,125.67,YES,YES,YES,124.75,YES,YES,YES,112.35,YES,YES,YES,112.48,YES,YES,NO,
2026-10-02 23:33 IST,Nifty Microcap 250,TI,542.55,540.65,0.35,549.13,532.57,463.93,NO,YES,YES,601.5,388.05,NO,NO,-9.8,39.81,550.85,YES,YES,YES,601.5,YES,YES,YES,544.65,NO,YES,YES,450.88,YES,YES,NO,
2026-10-02 23:33 IST,Nifty Microcap 250,EIEL,184.0,189.62,-2.96,199.78,204.06,193.63,NO,NO,NO,254.04,137.14,NO,NO,-27.57,34.17,191.48,NO,NO,NO,203.32,YES,NO,YES,190.82,NO,NO,NO,235.46,YES,YES,YES,
2026-10-02 23:33 IST,Nifty Microcap 250,TANLA,487.75,492.15,-0.89,499.7,548.96,509.17,NO,NO,NO,709.25,373.26,NO,NO,-31.23,30.67,490.65,NO,NO,NO,500.4,NO,NO,NO,543.15,NO,NO,YES,539.05,YES,YES,YES,
2026-10-02 23:33 IST,Nifty Microcap 250,KRBL,375.9,381.6,-1.49,403.4,391.33,360.21,NO,NO,YES,442.31,275.78,NO,NO,-15.01,36.3,386.2,NO,NO,YES,404.85,NO,YES,YES,419.27,YES,YES,YES,371.23,YES,YES,YES,
2026-10-02 23:33 IST,Nifty Microcap 250,SAFARI,1378.8,1429.6,-3.55,1499.95,1511.59,1680.64,NO,NO,NO,2489.54,1365.92,NO,YES,-44.62,0.94,1430.9,NO,NO,NO,1491.6,NO,NO,NO,1511.0,YES,NO,NO,1637.89,YES,YES,NO,
2026-10-02 23:33 IST,Nifty Microcap 250,ANURAS,1163.7,1181.0,-1.46,1201.69,1217.05,1274.37,NO,NO,NO,1374.25,1063.35,NO,NO,-15.32,9.44,1177.8,NO,NO,NO,1193.4,NO,NO,NO,1258.2,YES,YES,NO,1268.29,NO,NO,YES,
2026-10-02 23:33 IST,Nifty Microcap 250,JAMNAAUTO,131.66,136.35,-3.44,129.79,127.81,126.1,YES,YES,YES,146.53,89.33,NO,NO,-10.15,47.39,136.27,YES,YES,YES,129.55,YES,YES,YES,119.45,NO,NO,NO,137.14,YES,YES,YES,
2026-10-02 23:33 IST,Nifty Microcap 250,BORORENEW,449.6,458.15,-1.87,476.33,520.72,516.17,NO,NO,NO,699.3,377.0,NO,NO,-35.71,19.26,452.5,NO,NO,NO,475.0,NO,NO,NO,497.15,NO,NO,NO,621.7,YES,YES,YES,
2026-10-02 23:33 IST,Nifty Microcap 250,ASTRAMICRO,1624.5,1636.7,-0.75,1652.08,1701.87,1299.9,NO,NO,YES,1858.97,854.49,NO,NO,-12.61,90.11,1652.6,YES,NO,YES,1602.1,NO,NO,YES,1684.01,NO,NO,YES,1845.89,YES,YES,YES,
2026-10-02 23:33 IST,Nifty Microcap 250,DODLA,1006.3,1019.4,-1.29,1059.86,1068.27,1105.91,NO,NO,NO,1344.85,966.89,NO,YES,-25.17,4.08,1011.1,NO,NO,NO,1048.6,NO,NO,NO,1080.6,NO,NO,NO,1125.9,YES,YES,NO,
2026-10-02 23:33 IST,Nifty Microcap 250,CMSINFO,220.69,221.45,-0.34,230.91,247.02,287.61,NO,NO,NO,380.83,220.69,NO,YES,-42.05,0.0,229.17,NO,NO,NO,234.12,NO,NO,NO,244.95,NO,NO,NO,271.54,NO,NO,NO,
2026-10-02 23:33 IST,Nifty Microcap 250,SAMHI,154.37,153.68,0.45,156.37,162.67,164.79,NO,NO,NO,206.85,128.15,NO,NO,-25.37,20.46,149.34,NO,NO,NO,160.01,YES,NO,NO,153.05,NO,NO,NO,177.95,YES,YES,YES,
2026-10-02 23:33 IST,Nifty Microcap 250,TRANSRAILL,474.9,476.4,-0.31,433.45,454.71,504.03,YES,YES,NO,751.76,404.9,NO,NO,-36.83,17.29,451.65,YES,NO,NO,488.9,YES,YES,NO,431.38,NO,NO,NO,513.2,YES,NO,NO,
2026-10-02 23:33 IST,Nifty Microcap 250,SANDUMA,177.67,182.18,-2.48,188.26,197.53,208.74,NO,NO,NO,264.06,168.13,NO,YES,-32.72,5.67,182.69,NO,NO,NO,188.06,NO,NO,NO,200.4,NO,NO,NO,209.22,NO,NO,NO,
2026-10-02 23:33 IST,Nifty Microcap 250,LLOYDSENT,77.95,79.23,-1.62,72.25,75.51,66.31,YES,YES,YES,83.5,41.35,YES,NO,-6.65,88.51,79.13,YES,YES,YES,74.15,YES,NO,YES,71.34,NO,NO,YES,75.35,YES,YES,YES,
2026-10-02 23:33 IST,Nifty Microcap 250,BALUFORGE,488.95,496.35,-1.49,520.99,514.81,487.71,NO,NO,YES,674.6,356.19,NO,NO,-27.52,37.27,501.15,NO,NO,YES,506.25,NO,NO,YES,621.71,YES,YES,YES,465.56,YES,NO,NO,
2026-10-02 23:33 IST,Nifty Microcap 250,AZAD,2860.9,2963.2,-3.45,2772.72,2675.02,2050.16,YES,YES,YES,2963.2,1366.5,YES,NO,-3.45,109.36,2914.2,YES,YES,YES,2713.2,NO,YES,YES,2844.3,YES,YES,YES,2149.1,YES,YES,YES,
2026-10-02 23:33 IST,Nifty Microcap 250,VOLTAMP,10426.0,10500.0,-0.7,10873.15,10447.36,9256.52,NO,NO,YES,12385.43,6705.64,NO,NO,-15.82,55.48,10624.0,NO,YES,YES,10799.0,NO,YES,YES,10782.0,YES,YES,YES,9597.72,NO,NO,YES,
2026-10-02 23:33 IST,Nifty Microcap 250,GABRIEL,1315.0,1341.8,-2.0,1350.74,1401.36,1125.69,NO,NO,YES,1584.42,821.4,NO,NO,-17.0,60.09,1303.9,NO,NO,YES,1428.1,YES,YES,YES,1426.3,NO,YES,YES,1229.26,YES,YES,YES,
2026-10-02 23:33 IST,Nifty Microcap 250,DYNAMATECH,13756.0,13611.0,1.07,12224.7,11543.54,10414.03,YES,YES,YES,13756.0,6830.61,YES,NO,0.0,101.39,13065.0,YES,YES,YES,12561.0,YES,YES,YES,11678.0,YES,YES,YES,10280.67,NO,NO,YES,
2026-10-02 23:33 IST,Nifty Microcap 250,ELECTCAST,74.54,74.37,0.23,76.36,74.79,75.25,NO,NO,NO,95.74,60.35,NO,NO,-22.14,23.51,76.53,NO,YES,YES,74.22,NO,NO,NO,83.83,YES,YES,YES,76.87,YES,NO,NO,
2026-10-02 23:33 IST,Nifty Microcap 250,PTC,154.79,155.56,-0.49,154.78,157.51,156.26,YES,NO,NO,201.66,132.94,NO,NO,-23.24,16.44,155.75,YES,NO,NO,157.08,YES,YES,YES,155.2,NO,NO,YES,157.56,NO,NO,YES,
2026-10-02 23:33 IST,Nifty Microcap 250,IIFLCAPS,345.6,346.0,-0.12,341.91,338.24,329.27,YES,YES,YES,391.85,244.15,NO,NO,-11.8,41.55,344.95,YES,YES,YES,353.05,YES,YES,YES,340.15,YES,YES,YES,340.15,NO,YES,YES,
2026-10-02 23:33 IST,Nifty Microcap 250,RELIGARE,224.59,228.91,-1.89,248.91,244.52,238.22,NO,NO,NO,278.36,201.11,NO,NO,-19.32,11.68,232.05,NO,NO,NO,251.77,YES,YES,YES,249.78,YES,NO,YES,262.85,YES,YES,YES,
2026-10-02 23:33 IST,Nifty Microcap 250,NETWORK18,25.43,25.87,-1.7,26.79,28.19,33.12,NO,NO,NO,52.4,25.43,NO,YES,-51.47,0.0,25.88,NO,NO,NO,27.14,NO,NO,NO,28.05,NO,NO,NO,32.96,YES,YES,NO,
2026-10-02 23:33 IST,Nifty Microcap 250,REFEX,271.3,265.25,2.28,276.42,289.78,270.4,NO,NO,YES,372.96,188.51,NO,NO,-27.26,43.92,272.05,NO,NO,YES,286.65,YES,NO,YES,277.6,NO,NO,YES,357.26,YES,YES,YES,
2026-10-02 23:33 IST,Nifty Microcap 250,POWERMECH,2476.2,2490.5,-0.57,2394.92,2477.69,2371.37,YES,NO,YES,2893.51,1731.73,NO,NO,-14.42,42.99,2397.2,YES,NO,YES,2453.5,YES,NO,YES,2479.47,NO,NO,YES,2629.68,NO,YES,YES,
2026-10-02 23:33 IST,Nifty Microcap 250,GSFC,146.9,150.79,-2.58,154.03,154.45,160.71,NO,NO,NO,193.21,134.88,NO,NO,-23.97,8.91,151.65,NO,NO,NO,155.34,YES,YES,NO,153.8,NO,NO,NO,157.32,NO,NO,NO,
2026-10-02 23:33 IST,Nifty Microcap 250,BANCOINDIA,589.85,606.3,-2.71,606.66,617.06,618.52,NO,NO,NO,844.24,497.92,NO,NO,-30.13,18.46,595.65,NO,NO,NO,611.75,YES,NO,NO,612.24,NO,NO,NO,680.31,YES,YES,YES,
2026-10-02 23:33 IST,Nifty Microcap 250,MIDHANI,433.6,437.65,-0.93,425.07,418.67,382.51,YES,YES,YES,475.56,269.64,NO,NO,-8.82,60.81,419.1,NO,YES,YES,416.2,NO,NO,YES,416.19,NO,YES,YES,426.56,NO,YES,YES,
2026-10-02 23:33 IST,Nifty Microcap 250,AURIONPRO,607.8,622.1,-2.3,673.78,704.91,844.43,NO,NO,NO,1212.78,607.8,NO,YES,-49.88,0.0,634.2,NO,NO,NO,689.4,YES,NO,NO,692.68,NO,NO,NO,877.09,YES,YES,NO,
2026-10-02 23:33 IST,Nifty Microcap 250,YATHARTH,1033.7,1032.5,0.12,1046.47,945.83,789.12,NO,YES,YES,1162.2,550.47,NO,NO,-11.06,87.78,1108.0,YES,YES,YES,1162.2,YES,YES,YES,974.8,YES,YES,YES,865.04,YES,YES,YES,
2026-10-02 23:33 IST,Nifty Microcap 250,AVALON,2280.2,2296.7,-0.72,2311.78,2118.14,1428.27,NO,YES,YES,2537.7,793.85,NO,NO,-10.15,187.23,2302.0,NO,YES,YES,2445.6,YES,YES,YES,2318.6,YES,YES,YES,1788.3,YES,YES,YES,
2026-10-02 23:33 IST,Nifty Microcap 250,HEMIPROP,111.5,114.07,-2.25,120.4,128.09,134.11,NO,NO,NO,184.0,111.5,NO,YES,-39.4,0.0,114.94,NO,NO,NO,120.91,NO,NO,NO,127.15,NO,NO,NO,142.94,YES,YES,YES,
2026-10-02 23:33 IST,Nifty Microcap 250,ASHOKA,105.31,107.75,-2.26,112.49,115.38,131.05,NO,NO,NO,211.59,102.13,NO,YES,-50.23,3.11,108.53,NO,NO,NO,112.8,NO,NO,NO,121.75,YES,NO,NO,132.05,YES,YES,NO,
2026-10-02 23:33 IST,Nifty Microcap 250,LXCHEM,181.39,177.36,2.27,176.94,177.27,154.51,YES,YES,YES,214.48,107.93,NO,NO,-15.43,68.06,176.49,NO,NO,YES,188.44,YES,YES,YES,164.9,NO,NO,YES,161.21,YES,YES,YES,
2026-10-02 23:33 IST,Nifty Microcap 250,DIACABS,345.0,354.2,-2.6,357.91,347.83,208.74,NO,NO,YES,394.75,117.94,NO,NO,-12.6,192.52,352.05,NO,YES,YES,377.85,YES,YES,YES,340.6,NO,YES,YES,198.89,NO,YES,YES,
2026-10-02 23:33 IST,Nifty Microcap 250,EQUITASBNK,68.41,68.93,-0.75,71.57,73.83,69.16,NO,NO,NO,83.07,51.73,NO,NO,-17.65,32.24,67.07,NO,NO,NO,72.27,NO,NO,YES,73.42,NO,NO,YES,76.3,YES,YES,YES,
2026-10-02 23:33 IST,Nifty Microcap 250,BAJAJELEC,299.8,303.4,-1.19,327.1,337.51,364.93,NO,NO,NO,543.11,299.8,NO,YES,-44.8,0.0,309.85,NO,NO,NO,329.4,NO,NO,NO,325.85,NO,NO,NO,326.01,YES,NO,NO,
2026-10-02 23:33 IST,Nifty Microcap 250,GPPL,165.88,166.75,-0.52,162.28,156.43,157.74,YES,YES,YES,187.88,138.18,NO,NO,-11.71,20.05,160.54,NO,YES,YES,164.12,YES,YES,YES,164.02,YES,YES,YES,150.11,YES,NO,NO,
2026-10-02 23:33 IST,Nifty Microcap 250,NFL,63.85,65.2,-2.07,67.46,69.12,74.43,NO,NO,NO,94.62,63.55,NO,YES,-32.52,0.47,64.79,NO,NO,NO,67.84,NO,NO,NO,69.47,NO,NO,NO,74.5,NO,NO,NO,
2026-10-02 23:33 IST,Nifty Microcap 250,ABDL,679.45,718.9,-5.49,651.05,629.5,560.26,YES,YES,YES,723.45,380.85,YES,NO,-6.08,78.4,716.5,YES,YES,YES,656.4,YES,YES,YES,617.2,YES,NO,YES,655.15,YES,YES,YES,
2026-10-02 23:33 IST,Nifty Microcap 250,SHRIPISTON,4490.5,4653.7,-3.51,4504.43,4476.83,3630.94,NO,YES,YES,4749.2,2588.52,YES,NO,-5.45,73.48,4749.2,YES,YES,YES,4489.8,YES,YES,YES,4598.2,YES,YES,YES,4192.47,YES,YES,YES,
2026-10-02 23:33 IST,Nifty Microcap 250,PRIVISCL,3573.0,3586.6,-0.38,3492.03,3523.27,3215.25,YES,YES,YES,3740.3,2352.6,YES,NO,-4.47,51.87,3605.5,YES,YES,YES,3483.8,YES,NO,YES,3474.1,NO,NO,YES,3740.3,YES,YES,YES,
2026-10-02 23:33 IST,Nifty Microcap 250,GRWRHITECH,6925.5,7015.5,-1.28,6739.45,6960.81,5199.35,YES,NO,YES,7396.04,2699.59,YES,NO,-6.36,156.54,7016.5,YES,YES,YES,6537.5,NO,NO,YES,7196.4,YES,YES,YES,6862.51,YES,YES,YES,
2026-10-02 23:33 IST,Nifty Microcap 250,PRICOLLTD,734.5,747.6,-1.75,757.33,752.71,629.83,NO,NO,YES,806.55,505.33,NO,NO,-8.93,45.35,749.35,NO,NO,YES,763.65,NO,YES,YES,797.0,YES,YES,YES,621.7,YES,YES,YES,
2026-10-02 23:33 IST,Nifty Microcap 250,LLOYDSENGG,98.31,98.64,-0.33,86.62,88.63,67.44,YES,YES,YES,102.19,37.63,YES,NO,-3.8,161.25,102.19,YES,YES,YES,91.52,YES,YES,YES,84.27,NO,NO,YES,83.71,YES,YES,YES,
2026-10-02 23:33 IST,Nifty Microcap 250,RATEGAIN,840.65,851.55,-1.28,853.08,899.4,723.48,NO,NO,YES,990.05,438.15,NO,NO,-15.09,91.86,830.0,NO,NO,YES,851.8,NO,NO,YES,911.25,NO,NO,YES,941.05,YES,YES,YES,
2026-10-02 23:33 IST,Nifty Microcap 250,PATELENG,25.92,26.45,-2.0,26.69,27.65,28.12,NO,NO,NO,38.4,22.2,NO,NO,-32.5,16.76,26.45,NO,NO,NO,27.27,YES,NO,NO,27.76,NO,NO,NO,34.01,YES,YES,YES,
2026-10-02 23:33 IST,Nifty Microcap 250,INOXGREEN,159.0,161.07,-1.29,172.8,176.42,177.94,NO,NO,NO,272.2,135.01,NO,NO,-41.59,17.77,163.96,NO,NO,NO,174.81,YES,NO,NO,160.29,NO,NO,NO,199.94,YES,YES,YES,
2026-10-02 23:33 IST,Nifty Microcap 250,INDIGOPNTS,1053.5,1091.0,-3.44,1116.54,1118.61,1013.75,NO,NO,YES,1320.4,707.8,NO,NO,-20.21,48.84,1078.9,NO,NO,YES,1140.0,YES,YES,YES,1167.45,YES,YES,YES,1061.4,YES,YES,YES,
2026-10-02 23:33 IST,Nifty Microcap 250,AARTIPHARM,968.5,953.75,1.55,869.2,815.12,732.08,YES,YES,YES,972.8,590.52,YES,NO,-0.44,64.01,972.8,YES,YES,YES,940.1,YES,YES,YES,863.11,YES,YES,YES,704.64,YES,YES,NO,
2026-10-02 23:33 IST,Nifty Microcap 250,KSCL,715.1,725.65,-1.45,727.81,761.47,854.12,NO,NO,NO,1070.3,690.45,NO,YES,-33.19,3.57,742.1,YES,NO,NO,710.7,NO,NO,NO,761.6,NO,NO,NO,919.2,YES,YES,NO,
2026-10-02 23:33 IST,Nifty Microcap 250,BIRLACORPN,828.95,840.05,-1.32,838.32,873.77,949.56,NO,NO,NO,1203.75,772.36,NO,NO,-31.14,7.33,849.9,YES,NO,NO,839.95,NO,NO,NO,879.55,NO,NO,NO,968.95,NO,NO,NO,
2026-10-02 23:33 IST,Nifty Microcap 250,MASTEK,1555.6,1562.8,-0.46,1620.0,1709.15,1723.29,NO,NO,NO,2307.6,1330.91,NO,NO,-32.59,16.88,1523.4,NO,NO,NO,1573.3,NO,NO,NO,1802.0,YES,YES,YES,1607.66,YES,NO,NO,
2026-10-02 23:33 IST,Nifty Microcap 250,TEGA,2093.4,2106.7,-0.63,1852.19,1711.07,1730.17,YES,YES,YES,2129.0,1475.68,YES,NO,-1.67,41.86,2060.6,YES,YES,YES,2078.8,YES,YES,YES,1568.68,NO,NO,NO,1641.89,NO,NO,NO,
2026-10-02 23:33 IST,Nifty Microcap 250,VAIBHAVGBL,203.53,204.32,-0.39,210.48,227.9,225.16,NO,NO,NO,274.37,173.17,NO,NO,-25.82,17.53,202.89,NO,NO,NO,209.49,NO,NO,NO,219.1,NO,NO,NO,235.01,YES,YES,YES,
2026-10-02 23:33 IST,Nifty Microcap 250,EUREKAFORB,352.5,361.0,-2.35,389.15,419.03,479.74,NO,NO,NO,652.8,352.5,NO,YES,-46.0,0.0,362.95,NO,NO,NO,378.45,NO,NO,NO,427.8,NO,NO,NO,476.0,YES,YES,NO,
2026-10-02 23:33 IST,Nifty Microcap 250,RTNINDIA,25.32,26.06,-2.84,27.09,29.37,33.09,NO,NO,NO,53.43,24.82,NO,YES,-52.61,2.01,25.66,NO,NO,NO,27.45,NO,NO,NO,30.02,NO,NO,NO,33.59,NO,NO,NO,
2026-10-02 23:33 IST,Nifty Microcap 250,FIEMIND,1794.8,1877.6,-4.41,1965.05,2166.32,2181.17,NO,NO,NO,2645.9,1794.8,NO,YES,-32.17,0.0,1921.1,NO,NO,NO,1924.5,NO,NO,NO,2085.7,NO,NO,NO,2223.27,NO,YES,YES,
2026-10-02 23:33 IST,Nifty Microcap 250,STARCEMENT,178.39,181.96,-1.96,189.23,194.3,209.92,NO,NO,NO,265.93,178.1,NO,YES,-32.92,0.16,178.1,NO,NO,NO,189.23,NO,NO,NO,185.63,NO,NO,NO,209.69,NO,NO,NO,
2026-10-02 23:33 IST,Nifty Microcap 250,GMRP&UI,101.87,105.38,-3.33,96.08,96.25,103.61,YES,YES,NO,132.19,89.74,NO,NO,-22.94,13.52,100.72,YES,YES,NO,98.13,YES,YES,NO,89.91,NO,NO,NO,99.95,NO,NO,NO,
2026-10-02 23:33 IST,Nifty Microcap 250,RBA,92.22,91.58,0.7,95.24,92.03,72.71,NO,YES,YES,106.45,57.26,NO,NO,-13.37,61.05,91.98,NO,YES,YES,94.86,NO,YES,YES,99.96,YES,YES,YES,75.72,YES,YES,YES,
2026-10-02 23:33 IST,Nifty Microcap 250,SYMPHONY,571.7,582.45,-1.85,588.65,616.15,740.81,NO,NO,NO,949.44,567.75,NO,YES,-39.79,0.7,580.4,NO,NO,NO,592.6,YES,NO,NO,574.4,NO,NO,NO,689.22,YES,NO,NO,
2026-10-02 23:33 IST,Nifty Microcap 250,RALLIS,199.69,199.73,-0.02,202.96,209.48,240.0,NO,NO,NO,307.76,199.42,NO,YES,-35.12,0.14,199.96,NO,NO,NO,202.62,NO,NO,NO,207.17,NO,NO,NO,228.14,YES,NO,NO,
2026-10-02 23:33 IST,Nifty Microcap 250,AGI,790.8,804.4,-1.69,774.96,738.32,648.14,YES,YES,YES,877.92,464.25,NO,NO,-9.92,70.34,792.9,YES,YES,YES,837.2,YES,YES,YES,775.07,YES,YES,YES,700.96,YES,YES,YES,
2026-10-02 23:33 IST,Nifty Microcap 250,ANUP,1566.7,1596.3,-1.85,1679.04,1830.82,1925.75,NO,NO,NO,2476.43,1440.25,NO,NO,-36.74,8.78,1591.2,NO,NO,NO,1698.4,NO,NO,NO,1810.2,NO,NO,NO,2298.48,YES,YES,YES,
2026-10-02 23:33 IST,Nifty Microcap 250,KNRCON,113.29,118.58,-4.46,121.52,124.83,131.19,NO,NO,NO,198.59,109.4,NO,YES,-42.95,3.56,119.33,NO,NO,NO,121.77,NO,NO,NO,117.45,NO,NO,NO,131.14,NO,YES,NO,
2026-10-02 23:33 IST,Nifty Microcap 250,ENTERO,1680.8,1708.9,-1.64,1800.52,1563.12,1252.62,NO,YES,YES,1898.4,949.2,NO,NO,-11.46,77.08,1764.9,NO,YES,YES,1842.5,YES,YES,YES,1809.9,YES,YES,YES,1194.3,YES,YES,YES,
2026-10-02 23:33 IST,Nifty Microcap 250,HGINFRA,419.9,432.75,-2.97,463.99,499.49,575.25,NO,NO,NO,957.34,419.9,NO,YES,-56.14,0.0,438.25,NO,NO,NO,450.7,NO,NO,NO,481.85,NO,NO,NO,569.71,YES,NO,NO,
2026-10-02 23:33 IST,Nifty Microcap 250,POLYPLEX,1028.0,1055.0,-2.56,1113.55,1140.0,949.9,NO,NO,YES,1228.56,747.17,NO,NO,-16.32,37.59,1061.3,NO,NO,YES,1117.1,NO,NO,YES,1186.69,YES,YES,YES,1016.29,YES,YES,YES,
2026-10-02 23:33 IST,Nifty Microcap 250,KITEX,116.68,119.55,-2.4,121.2,129.67,157.37,NO,NO,NO,221.9,115.56,NO,YES,-47.42,0.97,115.56,NO,NO,NO,121.33,NO,NO,NO,125.48,NO,NO,NO,159.22,YES,NO,NO,
2026-10-02 23:33 IST,Nifty Microcap 250,GREAVESCOT,225.98,230.28,-1.87,203.34,205.49,182.58,YES,YES,YES,261.46,119.63,NO,NO,-13.57,88.9,234.99,YES,YES,YES,206.01,YES,NO,YES,197.8,YES,NO,YES,224.73,YES,YES,YES,
2026-10-02 23:33 IST,Nifty Microcap 250,BECTORFOOD,213.03,206.74,3.04,224.59,228.0,206.6,NO,NO,YES,275.08,166.68,NO,NO,-22.56,27.81,208.7,NO,NO,YES,219.3,NO,NO,YES,227.1,NO,YES,YES,176.11,NO,NO,NO,
2026-10-02 23:33 IST,Nifty Microcap 250,ARVIND,534.05,539.9,-1.08,555.45,543.78,437.94,NO,NO,YES,582.44,277.38,NO,NO,-8.31,92.53,545.45,NO,YES,YES,548.25,NO,YES,YES,552.68,YES,YES,YES,564.53,YES,YES,YES,
2026-10-02 23:33 IST,Nifty Microcap 250,OPTIEMUS,803.7,767.75,4.68,646.14,608.71,477.84,YES,YES,YES,828.35,292.75,YES,NO,-2.98,174.53,796.2,YES,YES,YES,828.35,YES,YES,YES,582.8,YES,YES,YES,521.55,YES,YES,YES,
2026-10-02 23:33 IST,Nifty Microcap 250,SUPRIYA,931.0,950.25,-2.03,923.81,869.42,773.91,YES,YES,YES,1051.25,552.69,NO,NO,-11.44,68.45,985.05,YES,YES,YES,1000.9,YES,YES,YES,802.2,NO,NO,YES,977.74,YES,YES,YES,
2026-10-02 23:33 IST,Nifty Microcap 250,CCAVENUE,15.28,15.12,1.06,15.76,15.87,15.62,NO,NO,NO,20.12,13.15,NO,NO,-24.06,16.2,15.36,NO,NO,NO,16.09,YES,YES,YES,15.31,NO,NO,NO,17.08,YES,YES,YES,
2026-10-02 23:33 IST,Nifty Microcap 250,CEMPRO,1178.9,1192.2,-1.12,1260.97,1285.08,962.97,NO,NO,YES,1639.6,508.4,NO,NO,-28.1,131.88,1223.3,NO,NO,YES,1311.2,YES,NO,YES,1244.1,NO,NO,YES,1449.0,YES,YES,YES,
2026-10-02 23:33 IST,Nifty Microcap 250,ALLCARGO,10.12,10.13,-0.1,11.56,10.69,9.48,NO,NO,YES,35.59,7.18,NO,NO,-71.57,40.95,10.53,NO,NO,YES,11.38,NO,YES,YES,11.92,YES,YES,YES,8.38,NO,NO,NO,
2026-10-02 23:33 IST,Nifty Microcap 250,MARKSANS,325.6,322.3,1.02,330.4,309.17,228.05,NO,YES,YES,347.6,156.46,YES,NO,-6.33,108.1,342.75,YES,YES,YES,347.6,YES,YES,YES,322.4,YES,YES,YES,263.72,YES,YES,YES,
2026-10-02 23:33 IST,Nifty Microcap 250,JUSTDIAL,653.15,666.15,-1.95,676.25,686.24,619.46,NO,NO,YES,860.95,490.7,NO,NO,-24.14,33.11,656.5,NO,NO,YES,693.55,YES,NO,YES,705.65,YES,YES,YES,549.85,YES,YES,NO,
2026-10-02 23:33 IST,Nifty Microcap 250,RAYMONDLSL,627.7,642.05,-2.24,669.84,698.4,808.62,NO,NO,NO,1214.77,627.7,NO,YES,-48.33,0.0,660.55,NO,NO,NO,677.45,YES,NO,NO,637.15,NO,NO,NO,774.0,NO,NO,NO,
2026-10-02 23:33 IST,Nifty Microcap 250,ASKAUTOLTD,618.15,640.1,-3.43,631.86,615.08,487.79,NO,YES,YES,678.8,378.72,NO,NO,-8.93,63.22,619.85,NO,YES,YES,651.25,YES,YES,YES,635.65,NO,YES,YES,452.99,YES,YES,NO,
2026-10-02 23:33 IST,Nifty Microcap 250,CIGNITITEC,,,,,,,N/A,N/A,N/A,,,NO,NO,,,,N/A,N/A,N/A,,N/A,N/A,N/A,,N/A,N/A,N/A,,N/A,N/A,N/A,Insufficient data
2026-10-02 23:33 IST,Nifty Microcap 250,ORIENTCEM,115.91,118.77,-2.41,123.96,129.78,142.63,NO,NO,NO,223.85,115.91,NO,YES,-48.22,0.0,118.42,NO,NO,NO,124.89,NO,NO,NO,128.16,NO,NO,NO,142.29,YES,YES,NO,
2026-10-02 23:33 IST,Nifty Microcap 250,EPL,232.39,237.0,-1.95,239.92,241.17,223.14,NO,NO,YES,270.1,180.12,NO,NO,-13.96,29.02,233.05,NO,NO,YES,239.1,NO,NO,YES,240.35,NO,YES,YES,237.17,YES,YES,YES,
2026-10-02 23:33 IST,Nifty Microcap 250,BALAMINES,2052.2,2118.5,-3.13,2259.34,2218.76,1640.56,NO,NO,YES,2566.8,972.38,NO,NO,-20.05,111.05,2142.1,NO,NO,YES,2271.2,NO,YES,YES,2409.7,YES,YES,YES,2194.2,YES,YES,YES,
2026-10-02 23:33 IST,Nifty Microcap 250,VINATIORGA,1208.1,1168.3,3.41,1250.49,1288.14,1370.31,NO,NO,NO,1718.84,1168.3,NO,YES,-29.71,3.41,1174.3,NO,NO,NO,1222.8,NO,NO,NO,1306.54,NO,NO,NO,1314.28,NO,NO,NO,
2026-10-02 23:33 IST,Nifty Microcap 250,EASEMYTRIP,5.76,5.86,-1.71,5.88,6.18,7.1,NO,NO,NO,9.63,5.76,NO,YES,-40.19,0.0,5.88,YES,NO,NO,5.87,NO,NO,NO,5.99,NO,NO,NO,7.0,NO,NO,NO,
2026-10-02 23:33 IST,Nifty Microcap 250,HERITGFOOD,402.9,402.0,0.22,402.31,374.52,359.12,YES,YES,YES,495.9,291.75,NO,NO,-18.75,38.1,401.2,YES,YES,YES,424.05,YES,YES,YES,353.7,NO,YES,NO,333.58,YES,YES,NO,
2026-10-02 23:33 IST,Nifty Microcap 250,SHAREINDIA,205.09,205.01,0.04,200.63,184.82,154.56,YES,YES,YES,228.15,116.7,NO,NO,-10.11,75.74,205.68,YES,YES,YES,219.98,YES,YES,YES,170.3,NO,YES,YES,137.82,YES,NO,NO,
2026-10-02 23:33 IST,Nifty Microcap 250,MANORAMA,1880.3,1852.8,1.48,1964.55,1833.77,1513.12,NO,YES,YES,2132.08,1075.39,NO,NO,-11.81,74.85,1863.5,NO,YES,YES,1929.4,NO,YES,YES,1833.3,YES,YES,YES,1561.8,YES,YES,YES,
2026-10-02 23:33 IST,Nifty Microcap 250,SHILPAMED,1064.1,1047.2,1.61,987.6,855.12,524.94,YES,YES,YES,1070.8,266.83,YES,NO,-0.63,298.79,1055.75,YES,YES,YES,1037.7,YES,YES,YES,889.14,YES,YES,YES,608.57,YES,YES,YES,
2026-10-02 23:33 IST,Nifty Microcap 250,V2RETAIL,201.39,208.74,-3.52,214.79,217.89,214.5,NO,NO,NO,256.4,181.06,NO,NO,-21.45,11.23,209.43,NO,NO,NO,215.63,NO,NO,YES,221.25,YES,NO,YES,230.37,YES,YES,YES,
2026-10-02 23:33 IST,Nifty Microcap 250,FDC,335.9,339.4,-1.03,347.41,360.47,376.74,NO,NO,NO,459.79,321.1,NO,YES,-26.94,4.61,350.1,YES,NO,NO,349.95,YES,NO,NO,333.6,NO,NO,NO,433.8,YES,YES,YES,
2026-10-02 23:33 IST,Nifty Microcap 250,JAIBALAJI,61.72,62.24,-0.84,65.67,65.52,67.91,NO,NO,NO,100.35,54.14,NO,NO,-38.5,14.0,63.35,NO,NO,NO,66.78,NO,YES,NO,70.44,YES,YES,YES,70.41,YES,NO,NO,
2026-10-02 23:33 IST,Nifty Microcap 250,SENCO,317.4,320.95,-1.11,342.41,360.26,335.31,NO,NO,NO,417.44,278.04,NO,NO,-23.97,14.16,328.3,NO,NO,NO,342.25,NO,NO,YES,352.75,NO,NO,YES,325.11,NO,NO,NO,
2026-10-02 23:33 IST,Nifty Microcap 250,SKIPPER,541.2,531.15,1.89,559.18,546.41,467.61,NO,NO,YES,604.7,330.35,NO,NO,-10.5,63.83,541.55,NO,NO,YES,567.5,YES,YES,YES,534.46,NO,NO,YES,574.85,YES,YES,YES,
2026-10-02 23:33 IST,Nifty Microcap 250,JISLJALEQS,27.3,27.93,-2.26,29.67,29.28,32.89,NO,NO,NO,53.27,26.49,NO,YES,-48.75,3.06,28.97,NO,NO,NO,28.9,NO,NO,NO,28.07,NO,NO,NO,34.65,YES,YES,NO,
2026-10-02 23:33 IST,Nifty Microcap 250,CIEINDIA,376.35,386.3,-2.58,383.92,397.22,434.0,NO,NO,NO,490.2,375.0,NO,YES,-23.23,0.36,376.45,NO,NO,NO,384.2,NO,NO,NO,390.85,NO,NO,NO,471.05,YES,YES,YES,
2026-10-02 23:33 IST,Nifty Microcap 250,NEOGEN,2407.1,2451.6,-1.82,2335.38,2213.61,1707.4,YES,YES,YES,2488.4,979.33,YES,NO,-3.27,145.79,2435.3,YES,YES,YES,2392.1,YES,YES,YES,2153.9,NO,YES,YES,1967.35,YES,YES,YES,
2026-10-02 23:33 IST,Nifty Microcap 250,SKYGOLD,810.65,810.7,-0.01,800.2,768.03,506.85,YES,YES,YES,848.1,276.7,YES,NO,-4.42,192.97,820.85,YES,YES,YES,794.1,NO,YES,YES,778.25,NO,YES,YES,560.0,YES,YES,YES,
2026-10-02 23:33 IST,Nifty Microcap 250,EMBDL,56.13,58.51,-4.07,57.13,60.15,59.64,NO,NO,NO,97.7,39.46,NO,NO,-42.55,42.25,56.33,NO,NO,NO,61.22,YES,YES,YES,59.63,NO,NO,NO,63.02,YES,YES,NO,
2026-10-02 23:33 IST,Nifty Microcap 250,THYROCARE,533.6,534.15,-0.1,560.4,580.78,479.79,NO,NO,YES,649.35,345.06,NO,NO,-17.83,54.64,547.1,NO,NO,YES,573.75,YES,NO,YES,590.55,NO,YES,YES,555.6,YES,YES,YES,
2026-10-02 23:33 IST,Nifty Microcap 250,GANECOS,976.2,1000.6,-2.44,1011.38,1064.72,942.24,NO,NO,YES,1234.15,667.55,NO,NO,-20.9,46.24,1010.6,NO,NO,YES,1036.6,YES,NO,YES,1018.2,NO,NO,YES,916.0,YES,NO,NO,
2026-10-02 23:33 IST,Nifty Microcap 250,AWFIS,235.26,244.1,-3.62,263.5,267.68,326.96,NO,NO,NO,629.6,230.65,NO,YES,-62.63,2.0,247.1,NO,NO,NO,269.05,YES,NO,NO,262.8,NO,NO,NO,301.4,NO,NO,NO,
2026-10-02 23:33 IST,Nifty Microcap 250,VARROC,830.6,862.95,-3.75,849.76,804.39,627.0,NO,YES,YES,884.4,466.45,YES,NO,-6.08,78.07,837.4,NO,YES,YES,836.5,NO,YES,YES,877.0,YES,YES,YES,666.19,YES,YES,YES,
2026-10-02 23:33 IST,Nifty Microcap 250,SPARC,194.13,197.19,-1.55,199.15,202.17,173.88,NO,NO,YES,277.57,108.71,NO,NO,-30.06,78.58,208.85,YES,YES,YES,205.65,YES,YES,YES,196.98,NO,NO,YES,239.37,YES,YES,YES,
2026-10-02 23:33 IST,Nifty Microcap 250,INDIAGLYCO,298.8,307.4,-2.8,281.07,775.65,919.69,YES,NO,NO,1203.3,236.2,NO,NO,-75.17,26.5,304.5,YES,NO,NO,257.7,NO,NO,NO,1111.7,NO,YES,YES,1075.75,YES,YES,YES,
2026-10-02 23:33 IST,Nifty Microcap 250,GNFC,589.15,604.4,-2.52,585.72,555.27,485.48,YES,YES,YES,630.3,353.39,YES,NO,-6.53,66.71,611.5,YES,YES,YES,623.05,YES,YES,YES,555.47,YES,YES,YES,510.34,NO,YES,YES,
2026-10-02 23:33 IST,Nifty Microcap 250,EPIGRAL,982.2,1012.5,-2.99,1119.5,1133.19,1105.31,NO,NO,NO,1746.15,806.96,NO,NO,-43.75,21.72,1018.1,NO,NO,NO,1093.6,NO,NO,NO,1203.3,YES,YES,YES,1038.9,NO,NO,NO,
2026-10-02 23:33 IST,Nifty Microcap 250,SURYAROSNI,220.67,221.37,-0.32,215.69,223.22,236.55,YES,NO,NO,299.21,185.93,NO,NO,-26.25,18.68,220.75,YES,NO,NO,214.64,NO,NO,NO,218.82,NO,NO,NO,260.29,YES,YES,YES,
2026-10-02 23:33 IST,Nifty Microcap 250,KANSAINER,175.27,177.99,-1.53,185.76,195.66,203.72,NO,NO,NO,253.83,157.2,NO,NO,-30.95,11.49,181.33,NO,NO,NO,182.58,NO,NO,NO,194.75,NO,NO,NO,211.83,YES,YES,NO,
2026-10-02 23:33 IST,Nifty Microcap 250,IMFA,1176.8,1190.9,-1.18,1252.86,1343.35,1350.41,NO,NO,NO,1644.93,1068.3,NO,NO,-28.46,10.16,1206.5,NO,NO,NO,1266.1,NO,NO,NO,1301.1,NO,NO,NO,1367.04,NO,NO,YES,
2026-10-02 23:33 IST,Nifty Microcap 250,CELLO,323.1,325.55,-0.75,332.37,347.56,411.36,NO,NO,NO,657.69,320.3,NO,YES,-50.87,0.87,333.35,NO,NO,NO,324.1,NO,NO,NO,349.4,NO,NO,NO,365.23,NO,NO,NO,
2026-10-02 23:33 IST,Nifty Microcap 250,WELENT,724.45,742.7,-2.46,774.76,677.9,550.16,NO,YES,YES,823.35,413.71,NO,NO,-12.01,75.11,744.3,NO,YES,YES,774.0,YES,YES,YES,705.55,YES,YES,YES,603.25,YES,YES,YES,
2026-10-02 23:33 IST,Nifty Microcap 250,VIPIND,280.75,290.95,-3.51,301.39,303.34,326.5,NO,NO,NO,439.35,280.75,NO,YES,-36.1,0.0,293.2,NO,NO,NO,298.9,NO,NO,NO,303.75,NO,NO,NO,308.35,NO,YES,NO,
2026-10-02 23:33 IST,Nifty Microcap 250,HCG,668.75,666.05,0.41,695.95,698.65,633.14,NO,NO,YES,776.3,521.75,NO,NO,-13.85,28.17,703.6,YES,YES,YES,712.7,YES,YES,YES,704.4,NO,YES,YES,654.8,YES,YES,YES,
2026-10-02 23:33 IST,Nifty Microcap 250,PNCINFRA,138.16,133.18,3.74,153.06,192.71,211.34,NO,NO,NO,293.98,129.8,NO,YES,-53.0,6.44,129.8,NO,NO,NO,139.17,NO,NO,NO,187.96,NO,NO,NO,234.99,YES,YES,YES,
2026-10-02 23:33 IST,Nifty Microcap 250,SUNTECK,279.45,277.4,0.74,286.57,295.17,333.74,NO,NO,NO,460.48,271.74,NO,YES,-39.31,2.84,280.3,NO,NO,NO,290.1,NO,NO,NO,301.63,YES,NO,NO,329.18,YES,YES,NO,
2026-10-02 23:33 IST,Nifty Microcap 250,VIYASH,231.75,235.8,-1.72,251.57,258.6,232.66,NO,NO,NO,294.15,179.89,NO,NO,-21.21,28.83,238.05,NO,NO,YES,253.75,NO,NO,YES,262.3,NO,NO,YES,294.15,YES,YES,YES,
2026-10-02 23:33 IST,Nifty Microcap 250,PURVA,204.64,206.34,-0.82,214.09,214.46,217.49,NO,NO,NO,280.7,163.06,NO,NO,-27.1,25.5,204.84,NO,NO,NO,216.82,YES,YES,NO,212.38,NO,NO,NO,221.57,YES,YES,NO,
2026-10-02 23:33 IST,Nifty Microcap 250,IONEXCHANG,406.4,411.15,-1.16,426.43,403.89,383.88,NO,YES,YES,466.72,316.18,NO,NO,-12.92,28.53,410.2,NO,YES,YES,430.1,YES,YES,YES,367.6,NO,NO,NO,416.94,YES,YES,YES,
2026-10-02 23:33 IST,Nifty Microcap 250,QUESS,336.2,334.95,0.37,349.42,339.54,243.63,NO,NO,YES,381.75,165.88,NO,NO,-11.93,102.68,342.1,NO,YES,YES,359.0,YES,YES,YES,379.5,YES,YES,YES,288.08,YES,YES,YES,
2026-10-02 23:33 IST,Nifty Microcap 250,GATEWAY,51.88,52.04,-0.31,52.96,54.28,55.69,NO,NO,NO,61.36,47.44,NO,NO,-15.45,9.36,51.57,NO,NO,NO,52.67,NO,NO,NO,52.86,NO,NO,NO,60.53,YES,YES,YES,
2026-10-02 23:33 IST,Nifty Microcap 250,TARC,125.58,125.96,-0.3,128.82,127.85,136.58,NO,NO,NO,182.57,111.59,NO,NO,-31.22,12.54,127.02,NO,NO,NO,129.65,YES,YES,NO,118.44,NO,NO,NO,126.87,YES,NO,NO,
2026-10-02 23:33 IST,Nifty Microcap 250,ARVINDFASN,379.7,387.45,-2.0,430.04,442.22,453.84,NO,NO,NO,554.16,377.23,NO,YES,-31.48,0.65,410.15,NO,NO,NO,425.45,NO,NO,NO,452.5,YES,NO,NO,472.95,YES,YES,NO,
2026-10-02 23:33 IST,Nifty Microcap 250,ACI,475.05,485.85,-2.22,478.97,502.36,542.76,NO,NO,NO,689.79,455.25,NO,YES,-31.13,4.35,490.6,YES,NO,NO,474.6,NO,NO,NO,492.65,NO,NO,NO,539.65,YES,NO,NO,
2026-10-02 23:33 IST,Nifty Microcap 250,DBL,399.1,406.2,-1.75,406.56,415.77,435.77,NO,NO,NO,523.7,385.19,NO,YES,-23.79,3.61,410.9,YES,NO,NO,413.55,YES,NO,NO,393.82,NO,NO,NO,440.51,YES,NO,NO,
2026-10-02 23:33 IST,Nifty Microcap 250,CEIGALL,380.1,382.75,-0.69,377.31,348.57,320.25,YES,YES,YES,395.43,226.09,YES,NO,-3.88,68.12,377.55,YES,YES,YES,388.85,YES,YES,YES,344.25,YES,NO,YES,363.62,NO,YES,YES,
2026-10-02 23:33 IST,Nifty Microcap 250,MEDPLUS,654.3,654.9,-0.09,659.19,674.99,801.7,NO,NO,NO,953.9,649.3,NO,YES,-31.41,0.77,654.0,NO,NO,NO,662.0,NO,NO,NO,673.05,NO,NO,NO,822.0,NO,NO,NO,
2026-10-02 23:33 IST,Nifty Microcap 250,MANINFRA,124.3,126.86,-2.02,126.07,115.73,111.2,NO,YES,YES,148.61,77.97,NO,NO,-16.36,59.42,127.9,YES,YES,YES,124.75,YES,YES,YES,124.56,YES,YES,YES,105.35,NO,NO,NO,
2026-10-02 23:33 IST,Nifty Microcap 250,PGIL,1263.0,1282.1,-1.49,1201.75,1161.45,902.94,YES,YES,YES,1329.1,604.09,YES,NO,-4.97,109.07,1290.4,YES,YES,YES,1300.8,YES,YES,YES,1174.0,NO,YES,YES,1008.15,YES,YES,YES,
2026-10-02 23:33 IST,Nifty Microcap 250,GULFOILLUB,1093.0,1125.4,-2.88,1076.6,1092.39,1021.66,YES,YES,YES,1207.9,846.73,NO,NO,-9.51,29.08,1105.8,YES,YES,YES,1098.7,YES,YES,YES,1102.25,NO,YES,YES,1027.13,YES,YES,NO,
2026-10-02 23:33 IST,Nifty Microcap 250,HIKAL,218.14,217.89,0.11,226.48,219.71,205.71,NO,NO,YES,255.48,146.84,NO,NO,-14.62,48.56,218.05,NO,NO,YES,232.43,YES,YES,YES,198.21,NO,NO,NO,221.73,YES,YES,YES,
2026-10-02 23:33 IST,Nifty Microcap 250,JKLAKSHMI,476.6,492.3,-3.19,506.89,536.19,626.57,NO,NO,NO,862.91,476.6,NO,YES,-44.77,0.0,490.15,NO,NO,NO,511.2,NO,NO,NO,524.1,NO,NO,NO,572.92,NO,NO,NO,
2026-10-02 23:33 IST,Nifty Microcap 250,GHCL,401.75,405.5,-0.92,422.26,431.38,463.42,NO,NO,NO,639.31,401.75,NO,YES,-37.16,0.0,404.55,NO,NO,NO,424.0,NO,NO,NO,435.6,NO,YES,NO,430.15,NO,NO,NO,
2026-10-02 23:33 IST,Nifty Microcap 250,MSTCLTD,705.8,714.75,-1.25,731.3,677.78,535.22,NO,YES,YES,776.6,361.64,NO,NO,-9.12,95.17,713.05,NO,YES,YES,752.25,YES,YES,YES,721.15,YES,YES,YES,707.46,YES,YES,YES,
2026-10-02 23:33 IST,Nifty Microcap 250,JKPAPER,382.6,393.7,-2.82,411.46,397.35,361.2,NO,NO,YES,430.6,303.22,NO,NO,-11.15,26.18,391.35,NO,NO,YES,415.25,YES,YES,YES,401.05,YES,YES,YES,345.33,NO,NO,NO,
2026-10-02 23:33 IST,Nifty Microcap 250,ICIL,443.65,460.4,-3.64,444.95,429.16,331.42,NO,YES,YES,476.55,223.61,YES,NO,-6.9,98.4,434.95,NO,YES,YES,476.55,YES,YES,YES,433.45,YES,YES,YES,424.82,YES,YES,YES,
2026-10-02 23:33 IST,Nifty Microcap 250,MAHLIFE,351.15,360.3,-2.54,359.06,371.56,356.7,NO,NO,NO,417.73,291.48,NO,NO,-15.94,20.47,361.0,YES,NO,YES,356.6,NO,NO,NO,356.95,NO,NO,NO,369.95,YES,YES,YES,
2026-10-02 23:33 IST,Nifty Microcap 250,KIRLPNU,681.95,676.7,0.78,714.19,730.18,686.93,NO,NO,NO,1040.98,495.95,NO,NO,-34.49,37.5,684.4,NO,NO,NO,711.95,NO,NO,YES,714.6,NO,NO,YES,927.5,YES,YES,YES,
2026-10-02 23:33 IST,Nifty Microcap 250,NESCO,1028.2,1046.9,-1.79,1079.05,1058.36,1123.86,NO,NO,NO,1391.64,1007.51,NO,YES,-26.12,2.05,1040.5,NO,NO,NO,1078.5,YES,YES,NO,1044.0,YES,NO,NO,1117.9,YES,NO,NO,
2026-10-02 23:33 IST,Nifty Microcap 250,GAEL,157.69,160.21,-1.57,162.57,167.15,151.05,NO,NO,YES,183.03,101.56,NO,NO,-13.84,55.27,161.75,NO,NO,YES,163.19,NO,NO,YES,172.03,NO,YES,YES,164.23,YES,YES,YES,
2026-10-02 23:33 IST,Nifty Microcap 250,IFBIND,1166.2,1201.0,-2.9,1254.6,1319.5,1247.74,NO,NO,NO,1956.0,894.1,NO,NO,-40.38,30.43,1201.0,NO,NO,NO,1258.7,NO,NO,YES,1301.4,NO,NO,YES,1282.8,YES,YES,NO,
2026-10-02 23:33 IST,Nifty Microcap 250,PRUDENT,3119.1,3129.2,-0.32,3300.6,3294.29,2791.13,NO,NO,YES,3674.4,2159.56,NO,NO,-15.11,44.43,3098.7,NO,NO,YES,3352.7,NO,YES,YES,3352.3,NO,YES,YES,2999.33,YES,YES,YES,
2026-10-02 23:33 IST,Nifty Microcap 250,TIPSMUSIC,644.2,657.85,-2.07,656.82,660.99,607.34,NO,NO,YES,713.75,479.96,NO,NO,-9.74,34.22,647.2,NO,NO,YES,670.5,YES,YES,YES,643.5,NO,NO,YES,684.65,YES,YES,YES,
2026-10-02 23:33 IST,Nifty Microcap 250,TEAMLEASE,1179.4,1148.6,2.68,1218.71,1243.81,1331.41,NO,NO,NO,1798.8,1091.5,NO,NO,-34.43,8.05,1148.6,NO,NO,NO,1196.0,NO,NO,NO,1264.5,YES,NO,NO,1421.3,NO,YES,NO,
2026-10-02 23:33 IST,Nifty Microcap 250,SANOFI,3037.4,3057.0,-0.64,3103.15,3214.04,3494.21,NO,NO,NO,4667.78,3037.4,NO,YES,-34.93,0.0,3072.1,NO,NO,NO,3052.4,NO,NO,NO,3155.0,NO,NO,NO,3425.0,YES,YES,NO,
2026-10-02 23:33 IST,Nifty Microcap 250,VMART,746.1,753.7,-1.01,797.53,800.13,687.88,NO,NO,YES,880.17,476.56,NO,NO,-15.23,56.56,760.05,NO,NO,YES,786.6,NO,NO,YES,850.3,YES,YES,YES,796.83,YES,YES,YES,
2026-10-02 23:33 IST,Nifty Microcap 250,GMMPFAUDLR,1443.4,1466.7,-1.59,1365.13,1120.35,955.29,YES,YES,YES,1507.2,737.31,YES,NO,-4.23,95.77,1477.1,YES,YES,YES,1432.6,YES,YES,YES,1083.8,YES,YES,YES,775.82,NO,NO,NO,
2026-10-02 23:33 IST,Nifty Microcap 250,SFL,616.65,634.1,-2.75,657.34,683.94,617.27,NO,NO,NO,808.95,464.42,NO,NO,-23.77,32.78,631.5,NO,NO,YES,643.1,NO,NO,YES,644.75,NO,NO,YES,765.51,YES,YES,YES,
2026-10-02 23:33 IST,Nifty Microcap 250,EMUDHRA,580.0,596.5,-2.77,583.52,543.52,497.66,NO,YES,YES,681.59,373.08,NO,NO,-14.9,55.46,627.15,YES,YES,YES,637.8,YES,YES,YES,533.1,NO,YES,YES,436.65,NO,NO,NO,
2026-10-02 23:33 IST,Nifty Microcap 250,RATNAMANI,2619.4,2725.5,-3.89,2769.06,2558.97,2447.71,NO,YES,YES,3032.78,1937.82,NO,NO,-13.63,35.17,2833.3,YES,YES,YES,2800.8,YES,YES,YES,2605.1,YES,YES,YES,2501.43,NO,NO,YES,
2026-10-02 23:33 IST,Nifty Microcap 250,FINEORG,5131.0,5124.5,0.13,5147.9,5088.29,4689.52,NO,YES,YES,5322.07,3878.03,YES,NO,-3.59,32.31,5140.0,NO,YES,YES,5096.5,NO,YES,YES,5282.8,YES,YES,YES,5180.79,YES,YES,YES,
2026-10-02 23:33 IST,Nifty Microcap 250,AJAXENGG,586.4,587.0,-0.1,581.18,576.77,544.32,YES,YES,YES,671.1,404.1,NO,NO,-12.62,45.11,591.65,YES,YES,YES,569.15,NO,NO,YES,573.95,YES,YES,YES,540.9,NO,NO,NO,
2026-10-02 23:33 IST,Nifty Microcap 250,BBL,2069.6,2095.2,-1.22,2207.08,2315.39,2546.47,NO,NO,NO,3275.72,2042.23,NO,YES,-36.82,1.34,2123.7,NO,NO,NO,2231.1,NO,NO,NO,2319.2,NO,NO,NO,2683.16,NO,NO,NO,
2026-10-02 23:33 IST,Nifty Microcap 250,STYRENIX,2055.0,2015.5,1.96,2074.22,2168.43,2094.68,NO,NO,NO,2512.84,1779.68,NO,NO,-18.22,15.47,2000.8,NO,NO,NO,2130.1,YES,NO,YES,2011.7,NO,NO,NO,2272.31,YES,YES,YES,
2026-10-02 23:33 IST,Nifty Microcap 250,ORCHPHARMA,990.0,997.0,-0.7,1011.51,1003.41,799.59,NO,NO,YES,1107.2,482.45,NO,NO,-10.59,105.2,1014.9,YES,YES,YES,1102.05,YES,YES,YES,947.9,NO,NO,YES,956.4,YES,YES,YES,
2026-10-02 23:33 IST,Nifty Microcap 250,VSTIND,201.14,203.16,-0.99,205.69,212.64,228.69,NO,NO,NO,256.24,191.01,NO,YES,-21.5,5.3,202.96,NO,NO,NO,208.8,YES,NO,NO,208.0,NO,NO,NO,256.24,YES,YES,YES,
2026-10-02 23:33 IST,Nifty Microcap 250,EMIL,204.05,205.36,-0.64,188.36,174.56,124.17,YES,YES,YES,205.36,85.58,YES,NO,-0.64,138.43,191.71,YES,YES,YES,191.32,YES,YES,YES,175.7,NO,YES,YES,140.68,YES,YES,YES,
2026-10-02 23:33 IST,Nifty Microcap 250,LUXIND,1092.0,1107.0,-1.36,1126.26,1185.39,1167.98,NO,NO,NO,1743.7,824.32,NO,NO,-37.37,32.47,1103.6,NO,NO,NO,1186.5,YES,NO,YES,1190.51,NO,NO,YES,1242.21,NO,NO,YES,
2026-10-02 23:33 IST,Nifty Microcap 250,JSFB,482.4,489.3,-1.41,522.05,542.93,453.18,NO,NO,YES,584.85,341.85,NO,NO,-17.52,41.11,503.7,NO,NO,YES,546.6,YES,YES,YES,537.5,NO,YES,YES,479.1,YES,YES,YES,
2026-10-02 23:33 IST,Nifty Microcap 250,JKIL,461.85,463.3,-0.31,476.07,484.61,506.39,NO,NO,NO,653.41,424.1,NO,NO,-29.32,8.9,451.4,NO,NO,NO,479.6,NO,NO,NO,482.36,NO,NO,NO,489.7,YES,NO,NO,
2026-10-02 23:33 IST,Nifty Microcap 250,RELAXO,285.35,291.2,-2.01,310.16,356.68,345.68,NO,NO,NO,440.97,235.25,NO,NO,-35.29,21.3,291.5,NO,NO,NO,298.3,NO,NO,NO,355.34,NO,NO,NO,392.72,YES,YES,YES,
2026-10-02 23:33 IST,Nifty Microcap 250,ETHOSLTD,2531.9,2537.2,-0.21,2653.52,2727.9,2555.91,NO,NO,NO,3196.4,2020.4,NO,NO,-20.79,25.32,2489.8,NO,NO,NO,2660.2,NO,NO,YES,2898.7,YES,YES,YES,2503.8,YES,YES,NO,
2026-10-02 23:33 IST,Nifty Microcap 250,PARKHOTELS,103.55,105.92,-2.24,107.75,113.65,119.65,NO,NO,NO,153.94,95.77,NO,NO,-32.73,8.12,102.02,NO,NO,NO,106.29,NO,NO,NO,111.14,NO,NO,NO,123.94,YES,YES,NO,
2026-10-02 23:33 IST,Nifty Microcap 250,INNOVACAP,1168.0,1159.8,0.71,1194.57,1084.65,858.05,NO,YES,YES,1297.6,642.85,NO,NO,-9.99,81.69,1271.2,YES,YES,YES,1297.6,YES,YES,YES,1068.1,YES,YES,YES,957.85,YES,YES,YES,
2026-10-02 23:33 IST,Nifty Microcap 250,SHARDAMOTR,928.8,956.95,-2.94,924.51,890.64,858.33,YES,YES,YES,1149.63,693.07,NO,NO,-19.21,34.01,971.25,YES,YES,YES,971.85,YES,YES,YES,864.28,NO,YES,YES,886.45,YES,YES,NO,
2026-10-02 23:33 IST,Nifty Microcap 250,ALIVUS,1374.2,1379.3,-0.37,1381.09,1333.39,1081.72,NO,YES,YES,1443.7,856.99,YES,NO,-4.81,60.35,1356.8,NO,YES,YES,1383.1,NO,YES,YES,1443.7,YES,YES,YES,1153.58,YES,YES,YES,
2026-10-02 23:33 IST,Nifty Microcap 250,TSFINV,409.15,417.15,-1.92,436.45,430.51,415.33,NO,NO,NO,673.74,334.39,NO,NO,-39.27,22.36,421.45,NO,NO,YES,462.05,YES,YES,YES,403.1,NO,NO,NO,451.11,YES,YES,NO,
2026-10-02 23:33 IST,Nifty Microcap 250,DATAMATICS,790.3,805.55,-1.89,772.87,803.43,768.73,YES,NO,YES,970.89,633.17,NO,NO,-18.6,24.82,821.4,YES,YES,YES,789.85,YES,NO,YES,766.11,NO,NO,NO,814.1,YES,YES,YES,
2026-10-02 23:33 IST,Nifty Microcap 250,GANESHHOU,699.1,719.0,-2.77,745.54,774.27,729.32,NO,NO,NO,871.27,505.26,NO,NO,-19.76,38.36,706.65,NO,NO,NO,746.1,NO,NO,YES,776.95,NO,NO,YES,779.04,YES,YES,YES,
2026-10-02 23:33 IST,Nifty Microcap 250,ISGEC,919.7,883.1,4.14,813.87,800.9,880.15,YES,YES,YES,1086.59,689.2,NO,NO,-15.36,33.44,880.1,YES,YES,YES,867.85,YES,YES,NO,772.31,YES,NO,NO,913.43,YES,NO,YES,
2026-10-02 23:33 IST,Nifty Microcap 250,SUNFLAG,433.5,456.05,-4.94,367.35,361.62,309.09,YES,YES,YES,464.3,193.54,YES,NO,-6.63,123.98,464.3,YES,YES,YES,390.55,YES,YES,YES,338.67,NO,NO,YES,352.33,YES,NO,YES,
2026-10-02 23:33 IST,Nifty Microcap 250,LMW,16548.0,16862.0,-1.86,17714.8,17760.1,15610.85,NO,NO,YES,20047.0,11970.71,NO,NO,-17.45,38.24,16957.0,NO,NO,YES,17126.0,NO,NO,YES,18975.0,YES,YES,YES,15751.4,NO,YES,YES,
2026-10-02 23:33 IST,Nifty Microcap 250,DHANUKA,935.05,928.35,0.72,974.87,992.64,1052.81,NO,NO,NO,1536.34,896.67,NO,YES,-39.14,4.28,930.55,NO,NO,NO,982.65,NO,NO,NO,990.35,NO,NO,NO,1090.0,YES,YES,NO,
2026-10-02 23:33 IST,Nifty Microcap 250,SUDARSCHEM,1241.5,1203.9,3.12,1228.84,1166.85,965.41,YES,YES,YES,1339.91,744.28,NO,NO,-7.34,66.81,1197.3,NO,YES,YES,1236.9,NO,YES,YES,1240.7,YES,YES,YES,906.3,YES,YES,NO,
2026-10-02 23:33 IST,Nifty Microcap 250,PRINCEPIPE,246.9,255.75,-3.46,268.25,273.24,260.03,NO,NO,NO,339.76,205.33,NO,NO,-27.33,20.25,255.85,NO,NO,NO,265.75,NO,NO,YES,290.73,YES,YES,YES,277.67,NO,YES,YES,
2026-10-02 23:33 IST,Nifty Microcap 250,WESTLIFE,588.05,589.85,-0.31,563.78,556.73,502.91,YES,YES,YES,687.12,416.56,NO,NO,-14.42,41.17,596.6,YES,YES,YES,598.7,YES,YES,YES,553.9,NO,YES,YES,507.45,YES,YES,NO,
2026-10-02 23:33 IST,Nifty Microcap 250,ADVENZYMES,274.25,281.6,-2.61,292.27,301.28,312.67,NO,NO,NO,390.42,254.2,NO,NO,-29.76,7.89,282.15,NO,NO,NO,297.0,YES,NO,NO,295.35,NO,NO,NO,316.24,NO,NO,YES,
2026-10-02 23:33 IST,Nifty Microcap 250,KSL,913.0,965.4,-5.43,954.35,905.57,797.18,NO,YES,YES,998.25,571.19,NO,NO,-8.54,59.84,964.35,YES,YES,YES,998.25,YES,YES,YES,900.0,YES,YES,YES,872.08,YES,YES,YES,
2026-10-02 23:33 IST,Nifty Microcap 250,INGERRAND,4158.8,4144.0,0.36,4410.49,4465.05,4048.41,NO,NO,YES,4883.5,3110.26,NO,NO,-14.84,33.71,4195.0,NO,NO,YES,4228.4,NO,NO,YES,4794.0,YES,YES,YES,4323.49,NO,YES,YES,
2026-10-02 23:33 IST,Nifty Microcap 250,VESUVIUS,404.1,424.2,-4.74,406.12,426.19,465.71,NO,NO,NO,554.93,385.4,NO,YES,-27.18,4.85,400.2,NO,NO,NO,396.1,NO,NO,NO,416.05,NO,NO,NO,470.2,YES,NO,NO,
2026-10-02 23:33 IST,Nifty Microcap 250,GALLANTT,530.15,537.5,-1.37,547.63,567.64,619.9,NO,NO,NO,923.7,514.71,NO,YES,-42.61,3.0,539.1,NO,NO,NO,556.45,YES,NO,NO,550.77,NO,NO,NO,686.23,YES,NO,YES,
2026-10-02 23:33 IST,Nifty Microcap 250,MAXESTATES,566.25,587.1,-3.55,569.48,497.48,432.88,NO,YES,YES,616.8,308.75,NO,NO,-8.2,83.4,569.25,YES,YES,YES,603.2,YES,YES,YES,512.5,YES,YES,YES,421.0,NO,NO,NO,
2026-10-02 23:33 IST,Nifty Microcap 250,TVSSCS,128.42,130.57,-1.65,129.84,129.98,119.15,NO,NO,YES,141.66,90.97,NO,NO,-9.35,41.17,131.3,YES,YES,YES,132.48,YES,YES,YES,124.99,NO,NO,YES,136.41,YES,YES,YES,
2026-10-02 23:33 IST,Nifty Microcap 250,BOSCH-HCIL,1967.2,1876.7,4.82,1757.66,1658.85,1438.17,YES,YES,YES,1967.2,1049.1,YES,NO,0.0,87.51,1934.4,YES,YES,YES,1769.8,YES,YES,YES,1745.5,YES,YES,YES,1351.8,NO,NO,NO,
2026-10-02 23:33 IST,Nifty Microcap 250,SUBROS,684.9,699.35,-2.07,706.48,739.97,765.47,NO,NO,NO,1159.1,632.58,NO,NO,-40.91,8.27,702.2,NO,NO,NO,731.5,YES,NO,NO,713.58,NO,NO,NO,844.53,YES,YES,YES,
2026-10-02 23:33 IST,Nifty Microcap 250,GREENPANEL,158.59,160.32,-1.08,160.04,170.37,197.11,NO,NO,NO,309.4,151.24,NO,YES,-48.74,4.86,159.05,NO,NO,NO,169.08,YES,NO,NO,160.09,NO,NO,NO,191.6,YES,NO,NO,
2026-10-02 23:33 IST,Nifty Microcap 250,PRSMJOHNSN,103.61,108.74,-4.72,113.61,110.69,121.19,NO,NO,NO,162.61,103.61,NO,YES,-36.28,0.0,109.27,NO,NO,NO,116.43,YES,YES,NO,111.2,YES,YES,NO,115.99,NO,NO,NO,
2026-10-02 23:33 IST,Nifty Microcap 250,JINDWORLD,45.82,46.54,-1.55,51.32,42.97,31.0,NO,YES,YES,58.52,18.1,NO,NO,-21.7,153.15,47.07,NO,YES,YES,52.2,YES,YES,YES,42.08,YES,YES,YES,30.41,YES,YES,YES,
2026-10-02 23:33 IST,Nifty Microcap 250,SANOFICONR,3787.2,3802.8,-0.41,4028.04,4270.96,4389.73,NO,NO,NO,4950.61,3787.2,NO,YES,-23.5,0.0,3867.0,NO,NO,NO,4005.4,NO,NO,NO,4140.2,NO,NO,NO,4616.4,NO,NO,YES,
2026-10-02 23:33 IST,Nifty Microcap 250,IMAGICAA,50.7,51.08,-0.74,52.74,50.8,47.21,NO,NO,YES,60.21,37.46,NO,NO,-15.79,35.34,51.3,NO,YES,YES,52.84,NO,YES,YES,55.0,YES,YES,YES,47.86,YES,YES,NO,
2026-10-02 23:33 IST,Nifty Microcap 250,GARFIBRES,768.4,770.85,-0.32,793.77,783.57,693.75,NO,NO,YES,842.7,591.72,NO,NO,-8.82,29.86,753.85,NO,NO,YES,787.15,NO,YES,YES,842.7,YES,YES,YES,730.15,YES,YES,YES,
2026-10-02 23:33 IST,Nifty Smallcap 250,ITI,241.54,246.4,-1.97,258.31,270.3,284.82,NO,NO,NO,356.65,239.05,NO,YES,-32.28,1.04,243.4,NO,NO,NO,257.2,NO,NO,NO,268.55,NO,NO,NO,297.95,NO,NO,NO,
2026-10-02 23:33 IST,Nifty Smallcap 250,JBMA,544.65,556.5,-2.13,599.07,626.77,617.19,NO,NO,NO,727.09,485.53,NO,NO,-25.09,12.18,563.15,NO,NO,NO,601.8,NO,NO,NO,620.99,NO,NO,YES,702.58,YES,YES,YES,
2026-10-02 23:33 IST,Nifty Smallcap 250,MCX,3204.0,3300.4,-2.92,3281.19,3078.63,2752.75,NO,YES,YES,3433.29,1595.79,YES,NO,-6.68,100.78,3232.0,NO,YES,YES,3374.0,YES,YES,YES,3303.0,YES,YES,YES,2807.12,NO,NO,YES,
2026-10-02 23:33 IST,Nifty Smallcap 250,CHENNPETRO,1346.4,1436.3,-6.26,1455.09,1367.27,1057.84,NO,NO,YES,1626.4,687.91,NO,NO,-17.22,95.72,1436.9,NO,YES,YES,1388.6,NO,YES,YES,1387.0,YES,YES,YES,1078.76,NO,YES,YES,
2026-10-02 23:33 IST,Nifty Smallcap 250,ATHERENERG,1406.1,1425.0,-1.33,1559.78,1489.16,1010.61,NO,NO,YES,1725.6,587.2,NO,NO,-18.52,139.46,1407.0,NO,NO,YES,1499.4,NO,YES,YES,1725.6,YES,YES,YES,1130.0,YES,YES,YES,
2026-10-02 23:33 IST,Nifty Smallcap 250,MRPL,164.76,169.29,-2.68,170.71,171.08,166.79,NO,NO,NO,206.77,130.56,NO,NO,-20.32,26.19,171.65,YES,YES,YES,166.32,NO,NO,YES,171.42,NO,YES,YES,150.19,NO,NO,NO,
2026-10-02 23:33 IST,Nifty Smallcap 250,DATAPATTNS,4251.3,4286.9,-0.83,4531.89,4538.48,3750.9,NO,NO,YES,4932.3,2177.75,NO,NO,-13.81,95.22,4221.6,NO,NO,YES,4422.4,NO,NO,YES,4515.2,NO,YES,YES,4497.2,NO,YES,YES,
2026-10-02 23:33 IST,Nifty Smallcap 250,HINDCOPPER,462.15,472.65,-2.22,502.59,515.88,526.01,NO,NO,NO,755.97,311.62,NO,NO,-38.87,48.31,474.35,NO,NO,NO,513.0,NO,NO,NO,524.66,NO,YES,YES,497.31,NO,NO,YES,
2026-10-02 23:33 IST,Nifty Smallcap 250,NETWEB,4520.3,4548.0,-0.61,4814.88,4879.52,4027.38,NO,NO,YES,5601.0,3022.22,NO,NO,-19.29,49.57,4613.0,NO,NO,YES,4736.0,NO,NO,YES,5136.5,NO,YES,YES,4424.64,NO,YES,YES,
2026-10-02 23:33 IST,Nifty Smallcap 250,ACMESOLAR,432.55,439.0,-1.47,425.37,397.66,309.49,YES,YES,YES,458.65,198.78,YES,NO,-5.69,117.6,437.95,YES,YES,YES,452.3,YES,YES,YES,403.7,YES,YES,YES,383.25,YES,YES,YES,
2026-10-02 23:33 IST,Nifty Smallcap 250,KAYNES,3399.0,3501.0,-2.91,3531.3,3638.88,3648.6,NO,NO,NO,7593.0,3001.0,NO,NO,-55.24,13.26,3511.5,NO,NO,NO,3458.0,NO,NO,NO,3600.5,NO,YES,NO,3333.8,YES,NO,NO,
2026-10-02 23:33 IST,Nifty Smallcap 250,OLECTRA,1096.2,1134.2,-3.35,1202.38,1278.21,1208.9,NO,NO,NO,1561.91,880.0,NO,NO,-29.82,24.57,1136.9,NO,NO,NO,1275.9,YES,NO,YES,1246.67,NO,NO,YES,1489.25,YES,YES,YES,
2026-10-02 23:33 IST,Nifty Smallcap 250,TEJASNET,464.8,486.2,-4.4,535.62,526.65,473.12,NO,NO,NO,632.35,296.15,NO,NO,-26.5,56.95,490.4,NO,NO,YES,521.55,NO,NO,YES,541.9,YES,YES,YES,593.6,NO,YES,YES,
2026-10-02 23:33 IST,Nifty Smallcap 250,MANAPPURAM,308.9,315.85,-2.2,323.66,342.85,309.46,NO,NO,NO,370.78,249.98,NO,NO,-16.69,23.57,316.45,NO,NO,YES,320.4,NO,NO,YES,337.0,NO,NO,YES,327.26,YES,YES,YES,
2026-10-02 23:33 IST,Nifty Smallcap 250,ANGELONE,276.8,274.0,1.02,293.78,294.22,286.51,NO,NO,NO,353.71,210.87,NO,NO,-21.74,31.27,273.5,NO,NO,NO,300.0,YES,YES,YES,281.55,NO,NO,NO,351.16,YES,YES,YES,
2026-10-02 23:33 IST,Nifty Smallcap 250,CDSL,1242.5,1264.0,-1.7,1345.47,1351.59,1314.14,NO,NO,NO,1640.34,1109.28,NO,NO,-24.25,12.01,1261.9,NO,NO,NO,1351.1,NO,NO,YES,1391.0,YES,YES,YES,1338.39,YES,YES,NO,
2026-10-02 23:33 IST,Nifty Smallcap 250,JPPOWER,14.8,15.13,-2.18,15.92,16.78,16.97,NO,NO,NO,22.87,13.37,NO,NO,-35.29,10.7,15.26,NO,NO,NO,16.04,NO,NO,NO,16.56,NO,NO,NO,17.8,NO,NO,YES,
2026-10-02 23:33 IST,Nifty Smallcap 250,NBCC,77.4,78.5,-1.4,82.8,87.64,95.4,NO,NO,NO,121.67,76.99,NO,YES,-36.39,0.53,78.01,NO,NO,NO,83.99,NO,NO,NO,85.2,NO,NO,NO,101.66,NO,YES,NO,
2026-10-02 23:33 IST,Nifty Smallcap 250,FORCEMOT,16800.0,17054.0,-1.49,17433.06,17704.79,19546.28,NO,NO,NO,25702.88,15259.59,NO,NO,-34.64,10.09,16905.0,NO,NO,NO,17352.0,NO,NO,NO,17671.72,NO,NO,NO,18750.65,YES,NO,NO,
2026-10-02 23:33 IST,Nifty Smallcap 250,MMTC,56.29,56.91,-1.09,60.48,62.14,63.37,NO,NO,NO,76.03,52.1,NO,NO,-25.96,8.04,56.76,NO,NO,NO,60.47,NO,NO,NO,62.32,NO,NO,NO,67.14,NO,YES,YES,
2026-10-02 23:33 IST,Nifty Smallcap 250,AMBER,6500.0,6672.5,-2.59,7100.73,7257.28,7251.83,NO,NO,NO,8842.5,5510.0,NO,NO,-26.49,17.97,6606.5,NO,NO,NO,7064.5,NO,NO,NO,7508.0,YES,YES,YES,7484.5,NO,NO,YES,
2026-10-02 23:33 IST,Nifty Smallcap 250,PGEL,481.1,493.45,-2.5,530.3,571.7,553.33,NO,NO,NO,630.35,440.44,NO,NO,-23.68,9.23,493.15,NO,NO,NO,521.15,NO,NO,NO,569.63,NO,NO,YES,562.23,YES,YES,YES,
2026-10-02 23:33 IST,Nifty Smallcap 250,BANDHANBNK,176.0,178.23,-1.25,176.29,172.83,175.33,NO,YES,YES,214.88,134.31,NO,NO,-18.09,31.04,185.31,YES,YES,YES,191.38,YES,YES,YES,162.9,NO,NO,NO,198.88,NO,NO,YES,
2026-10-02 23:33 IST,Nifty Smallcap 250,HSCL,665.15,677.8,-1.87,666.92,707.03,583.8,NO,NO,YES,800.9,421.43,NO,NO,-16.95,57.83,667.6,YES,NO,YES,667.75,YES,NO,YES,680.85,NO,NO,YES,680.65,YES,YES,YES,
2026-10-02 23:33 IST,Nifty Smallcap 250,LAURUSLABS,1984.0,1980.0,0.2,1957.37,1873.1,1357.78,YES,YES,YES,2034.0,852.3,YES,NO,-2.46,132.78,1979.0,YES,YES,YES,2034.0,YES,YES,YES,1861.6,YES,YES,YES,1542.3,YES,YES,YES,
2026-10-02 23:33 IST,Nifty Smallcap 250,MGL,1045.4,1058.0,-1.19,1078.14,1090.35,1080.39,NO,NO,NO,1279.21,893.92,NO,NO,-18.28,16.95,1050.5,NO,NO,NO,1092.8,YES,YES,YES,1077.7,NO,NO,NO,1110.61,NO,YES,NO,
2026-10-02 23:33 IST,Nifty Smallcap 250,GSPL,,,,,,,N/A,N/A,N/A,,,NO,NO,,,,N/A,N/A,N/A,,N/A,N/A,N/A,,N/A,N/A,N/A,,N/A,N/A,N/A,Insufficient data
2026-10-02 23:33 IST,Nifty Smallcap 250,GRSE,2111.1,2181.9,-3.24,2382.82,2505.71,2538.21,NO,NO,NO,3084.94,1967.15,NO,NO,-31.57,7.32,2206.1,NO,NO,NO,2380.6,NO,NO,NO,2522.95,NO,NO,NO,2740.63,YES,NO,YES,
2026-10-02 23:33 IST,Nifty Smallcap 250,PVRINOX,1215.3,1242.7,-2.2,1248.54,1203.51,1050.14,NO,YES,YES,1349.3,918.6,NO,NO,-9.93,32.3,1190.1,NO,NO,YES,1317.5,YES,YES,YES,1228.2,YES,YES,YES,1001.25,YES,YES,NO,
2026-10-02 23:33 IST,Nifty Smallcap 250,OLAELEC,37.08,36.92,0.43,38.16,38.49,36.02,NO,NO,YES,57.08,22.8,NO,NO,-35.04,62.63,37.42,NO,NO,YES,41.87,YES,YES,YES,40.51,YES,YES,YES,44.48,YES,YES,YES,
2026-10-02 23:33 IST,Nifty Smallcap 250,PRAJIND,303.25,305.85,-0.85,321.15,326.07,332.66,NO,NO,NO,410.79,273.02,NO,NO,-26.18,11.07,307.75,NO,NO,NO,320.15,NO,NO,NO,340.3,YES,YES,YES,349.69,YES,NO,YES,
2026-10-02 23:33 IST,Nifty Smallcap 250,NATCOPHARM,821.3,820.76,0.07,823.3,867.69,941.08,NO,NO,NO,1203.98,788.87,NO,YES,-31.78,4.11,836.23,YES,NO,NO,830.78,YES,NO,NO,849.2,NO,NO,NO,929.84,YES,NO,YES,
2026-10-02 23:33 IST,Nifty Smallcap 250,ZENTEC,1576.1,1605.2,-1.81,1704.44,1753.61,1586.65,NO,NO,NO,1995.95,1227.46,NO,NO,-21.04,28.4,1619.8,NO,NO,YES,1672.3,NO,NO,YES,1780.7,NO,NO,YES,1745.79,NO,YES,YES,
2026-10-02 23:33 IST,Nifty Smallcap 250,RBLBANK,411.4,403.35,2.0,411.46,393.01,342.96,NO,YES,YES,428.0,272.84,YES,NO,-3.88,50.78,402.0,NO,YES,YES,428.0,YES,YES,YES,380.5,NO,YES,YES,360.17,NO,YES,YES,
2026-10-02 23:33 IST,Nifty Smallcap 250,HFCL,238.36,227.02,5.0,223.65,220.04,142.26,YES,YES,YES,251.24,60.89,YES,NO,-5.13,291.46,216.21,NO,NO,YES,217.37,NO,NO,YES,236.42,YES,YES,YES,214.28,YES,YES,YES,
2026-10-02 23:33 IST,Nifty Smallcap 250,SYRMA,1717.9,1782.9,-3.65,1638.85,1512.61,1103.84,YES,YES,YES,1782.9,639.5,YES,NO,-3.65,168.63,1692.6,YES,YES,YES,1719.4,YES,YES,YES,1447.9,NO,YES,YES,1374.59,YES,YES,YES,
2026-10-02 23:33 IST,Nifty Smallcap 250,GMDCLTD,487.65,507.7,-3.95,546.62,556.24,584.04,NO,NO,NO,734.16,461.69,NO,YES,-33.58,5.62,513.2,NO,NO,NO,556.7,YES,NO,NO,552.77,NO,NO,NO,592.94,NO,NO,YES,
2026-10-02 23:33 IST,Nifty Smallcap 250,INOXWIND,68.75,69.51,-1.09,74.86,74.93,91.46,NO,NO,NO,157.25,68.75,NO,YES,-56.28,0.0,71.5,NO,NO,NO,75.02,YES,NO,NO,69.5,NO,NO,NO,88.0,NO,NO,NO,
2026-10-02 23:33 IST,Nifty Smallcap 250,CAMS,677.25,671.0,0.93,711.77,747.96,735.36,NO,NO,NO,829.35,617.28,NO,NO,-18.34,9.72,666.0,NO,NO,NO,723.9,NO,NO,NO,752.0,NO,NO,YES,791.71,YES,YES,YES,
2026-10-02 23:33 IST,Nifty Smallcap 250,ANANTRAJ,577.85,598.9,-3.51,609.86,612.21,545.28,NO,NO,YES,734.39,405.03,NO,NO,-21.32,42.67,602.3,NO,NO,YES,631.8,YES,YES,YES,587.8,NO,NO,YES,553.79,YES,YES,YES,
2026-10-02 23:33 IST,Nifty Smallcap 250,J&KBANK,139.98,138.65,0.96,145.85,151.77,134.09,NO,NO,YES,192.65,98.09,NO,NO,-27.34,42.71,138.52,NO,NO,YES,149.25,YES,NO,YES,147.38,NO,NO,YES,165.2,YES,YES,YES,
2026-10-02 23:33 IST,Nifty Smallcap 250,SAGILITY,43.17,42.58,1.39,45.1,44.23,43.91,NO,NO,NO,54.4,36.27,NO,NO,-20.64,19.02,42.54,NO,NO,NO,45.99,YES,YES,YES,46.45,YES,YES,YES,40.89,YES,NO,NO,
2026-10-02 23:33 IST,Nifty Smallcap 250,KFINTECH,832.0,840.0,-0.95,898.38,925.65,928.04,NO,NO,NO,1159.11,794.84,NO,YES,-28.22,4.68,838.2,NO,NO,NO,911.95,NO,NO,NO,937.5,NO,YES,NO,868.29,YES,YES,NO,
2026-10-02 23:33 IST,Nifty Smallcap 250,IFCI,65.14,68.77,-5.28,81.29,79.78,66.82,NO,NO,NO,102.51,46.81,NO,NO,-36.45,39.16,70.97,NO,NO,YES,79.49,NO,NO,YES,87.26,YES,YES,YES,75.91,NO,YES,YES,
2026-10-02 23:33 IST,Nifty Smallcap 250,HBLENGINE,779.35,794.5,-1.91,743.93,714.54,757.75,YES,YES,YES,1094.45,613.95,NO,NO,-28.79,26.94,808.3,YES,YES,YES,764.35,YES,YES,YES,658.29,NO,NO,NO,815.82,YES,YES,YES,
2026-10-02 23:33 IST,Nifty Smallcap 250,DELHIVERY,400.0,409.7,-2.37,434.42,451.9,445.2,NO,NO,NO,520.3,378.5,NO,YES,-23.12,5.68,417.4,NO,NO,NO,435.0,NO,NO,NO,460.8,YES,NO,YES,507.45,YES,YES,YES,
2026-10-02 23:33 IST,Nifty Smallcap 250,RPOWER,19.41,19.69,-1.42,21.12,22.35,26.26,NO,NO,NO,48.58,19.41,NO,YES,-60.05,0.0,19.77,NO,NO,NO,21.03,NO,NO,NO,22.26,NO,NO,NO,25.7,NO,NO,NO,
2026-10-02 23:33 IST,Nifty Smallcap 250,NCC,130.06,128.88,0.92,138.59,140.86,146.9,NO,NO,NO,210.77,128.27,NO,YES,-38.29,1.4,128.27,NO,NO,NO,136.05,NO,NO,NO,146.46,YES,YES,NO,147.24,NO,NO,NO,
2026-10-02 23:33 IST,Nifty Smallcap 250,TARIL,280.8,270.1,3.96,284.48,292.57,298.39,NO,NO,NO,496.6,229.37,NO,NO,-43.46,22.42,272.85,NO,NO,NO,289.0,NO,NO,NO,308.62,YES,NO,YES,336.44,YES,YES,YES,
2026-10-02 23:33 IST,Nifty Smallcap 250,GESHIP,1530.6,1560.0,-1.88,1439.14,1377.78,1350.68,YES,YES,YES,1701.3,964.11,NO,NO,-10.03,58.76,1537.8,YES,YES,YES,1483.8,YES,YES,YES,1325.6,YES,NO,YES,1425.07,YES,NO,YES,
2026-10-02 23:33 IST,Nifty Smallcap 250,SCI,267.05,270.5,-1.28,279.78,285.68,270.2,NO,NO,NO,343.53,198.44,NO,NO,-22.26,34.57,272.9,NO,NO,YES,279.05,NO,NO,YES,286.53,NO,NO,YES,300.73,NO,NO,YES,
2026-10-02 23:33 IST,Nifty Smallcap 250,APTUS,226.4,232.53,-2.64,245.99,255.08,256.97,NO,NO,NO,320.94,192.77,NO,NO,-29.46,17.45,233.34,NO,NO,NO,251.33,YES,NO,NO,253.36,NO,NO,NO,287.85,YES,YES,YES,
2026-10-02 23:33 IST,Nifty Smallcap 250,NAVINFLUOR,8136.5,8245.0,-1.32,8484.5,8252.84,7021.54,NO,NO,YES,8775.5,4561.72,NO,NO,-7.28,78.36,8234.5,NO,NO,YES,8457.5,NO,YES,YES,8636.0,YES,YES,YES,7552.5,YES,YES,YES,
2026-10-02 23:33 IST,Nifty Smallcap 250,SAMMAANCAP,132.48,136.54,-2.97,145.43,151.99,152.92,NO,NO,NO,189.93,130.0,NO,YES,-30.25,1.91,136.48,NO,NO,NO,144.48,NO,NO,NO,147.14,NO,NO,NO,175.64,YES,YES,YES,
2026-10-02 23:33 IST,Nifty Smallcap 250,AEGISLOG,1401.1,1380.1,1.52,1347.47,1328.89,923.37,YES,YES,YES,1486.0,584.83,YES,NO,-5.71,139.57,1299.8,NO,NO,YES,1404.5,YES,YES,YES,1219.3,NO,NO,YES,1318.38,YES,YES,YES,
2026-10-02 23:33 IST,Nifty Smallcap 250,IEX,105.98,107.0,-0.95,113.79,120.83,124.19,NO,NO,NO,150.56,105.98,NO,YES,-29.61,0.0,106.39,NO,NO,NO,113.16,NO,NO,NO,119.2,NO,NO,NO,123.94,YES,NO,NO,
2026-10-02 23:33 IST,Nifty Smallcap 250,REDINGTON,397.95,407.0,-2.22,392.71,357.79,272.26,YES,YES,YES,410.35,195.65,YES,NO,-3.02,103.4,405.45,YES,YES,YES,400.75,YES,YES,YES,349.6,YES,YES,YES,275.0,YES,YES,YES,
2026-10-02 23:33 IST,Nifty Smallcap 250,BALRAMCHIN,649.05,662.85,-2.08,683.84,661.45,537.81,NO,NO,YES,767.1,397.8,NO,NO,-15.39,63.16,672.9,NO,YES,YES,676.4,NO,YES,YES,668.85,YES,YES,YES,562.45,YES,YES,YES,
2026-10-02 23:33 IST,Nifty Smallcap 250,CHOLAHLDNG,1369.6,1386.2,-1.2,1480.68,1523.0,1608.57,NO,NO,NO,2013.21,1349.83,NO,YES,-31.97,1.46,1371.8,NO,NO,NO,1472.4,NO,NO,NO,1475.0,NO,NO,NO,1672.58,YES,YES,NO,
2026-10-02 23:33 IST,Nifty Smallcap 250,ZEEL,71.92,74.47,-3.42,79.89,91.47,89.68,NO,NO,NO,113.05,66.79,NO,NO,-36.38,7.68,74.14,NO,NO,NO,77.28,NO,NO,NO,91.23,NO,NO,YES,102.64,NO,YES,YES,
2026-10-02 23:33 IST,Nifty Smallcap 250,CGCL,249.23,247.45,0.72,264.0,247.07,204.24,NO,YES,YES,279.9,151.86,NO,NO,-10.96,64.12,246.9,NO,NO,YES,268.6,YES,YES,YES,250.72,YES,YES,YES,233.7,YES,YES,YES,
2026-10-02 23:33 IST,Nifty Smallcap 250,BEML,1962.3,1992.4,-1.51,2038.1,1923.15,1777.67,NO,YES,YES,2216.28,1359.58,NO,NO,-11.46,44.33,1966.6,NO,YES,YES,2095.4,YES,YES,YES,1958.67,YES,YES,YES,1853.79,YES,YES,YES,
2026-10-02 23:33 IST,Nifty Smallcap 250,ASAHIINDIA,944.25,958.85,-1.52,960.89,935.24,904.71,NO,YES,YES,1064.22,782.79,NO,NO,-11.27,20.63,957.95,NO,YES,YES,971.3,YES,YES,YES,949.25,YES,YES,YES,871.86,YES,YES,NO,
2026-10-02 23:33 IST,Nifty Smallcap 250,JWL,223.93,233.12,-3.94,233.72,244.79,274.33,NO,NO,NO,347.55,219.82,NO,YES,-35.57,1.87,219.82,NO,NO,NO,233.16,NO,NO,NO,242.36,NO,NO,NO,262.3,NO,NO,NO,
2026-10-02 23:33 IST,Nifty Smallcap 250,PPLPHARMA,197.97,206.52,-4.14,211.15,208.05,174.37,NO,NO,YES,226.62,133.27,NO,NO,-12.64,48.55,209.07,NO,YES,YES,210.74,NO,YES,YES,213.2,YES,YES,YES,175.95,YES,YES,YES,
2026-10-02 23:33 IST,Nifty Smallcap 250,KARURVYSYA,325.3,324.8,0.15,331.77,336.46,300.46,NO,NO,YES,354.35,207.57,NO,NO,-8.2,56.72,318.15,NO,NO,YES,324.45,NO,NO,YES,347.6,YES,YES,YES,289.55,YES,NO,YES,
2026-10-02 23:33 IST,Nifty Smallcap 250,PCBL,321.5,331.1,-2.9,330.82,325.1,296.09,NO,NO,YES,376.56,228.95,NO,NO,-14.62,40.42,330.45,YES,YES,YES,345.45,YES,YES,YES,317.5,NO,NO,YES,316.73,YES,YES,YES,
2026-10-02 23:33 IST,Nifty Smallcap 250,NEWGEN,456.35,467.85,-2.46,498.35,521.39,534.36,NO,NO,NO,985.52,397.85,NO,NO,-53.69,14.7,473.0,NO,NO,NO,504.15,NO,NO,NO,532.05,NO,YES,NO,476.56,YES,YES,NO,
2026-10-02 23:33 IST,Nifty Smallcap 250,CROMPTON,202.7,208.67,-2.86,224.81,239.27,252.12,NO,NO,NO,298.36,202.7,NO,YES,-32.06,0.0,211.37,NO,NO,NO,223.43,NO,NO,NO,231.1,NO,NO,NO,267.58,YES,NO,YES,
2026-10-02 23:33 IST,Nifty Smallcap 250,TRIDENT,22.16,22.44,-1.25,23.31,24.12,24.87,NO,NO,NO,28.68,21.61,NO,YES,-22.73,2.55,22.49,NO,NO,NO,23.42,NO,NO,NO,24.14,NO,NO,NO,26.73,YES,YES,YES,
2026-10-02 23:33 IST,Nifty Smallcap 250,KSB,806.45,856.1,-5.8,808.1,813.53,816.24,NO,NO,NO,995.13,676.66,NO,NO,-18.96,19.18,824.8,YES,YES,YES,823.2,YES,YES,YES,828.2,YES,NO,YES,936.1,YES,YES,YES,
2026-10-02 23:33 IST,Nifty Smallcap 250,JINDALSAW,270.3,277.7,-2.66,295.48,283.41,228.18,NO,NO,YES,317.5,153.23,NO,NO,-14.87,76.4,277.7,NO,NO,YES,292.6,NO,YES,YES,309.75,YES,YES,YES,260.95,YES,YES,YES,
2026-10-02 23:33 IST,Nifty Smallcap 250,IIFL,583.8,600.75,-2.82,612.7,619.43,539.31,NO,NO,YES,696.4,419.35,NO,NO,-16.17,39.22,607.5,NO,NO,YES,633.3,YES,YES,YES,639.15,YES,YES,YES,519.55,YES,YES,YES,
2026-10-02 23:33 IST,Nifty Smallcap 250,WOCKPHARMA,2083.9,2116.3,-1.53,2164.87,2013.61,1658.27,NO,YES,YES,2329.7,1100.3,NO,NO,-10.55,89.39,2194.2,YES,YES,YES,2329.7,YES,YES,YES,1850.6,NO,NO,YES,1938.5,NO,YES,YES,
2026-10-02 23:33 IST,Nifty Smallcap 250,SUNTV,599.9,605.0,-0.84,484.44,482.3,533.64,YES,YES,YES,645.77,449.3,NO,NO,-7.1,33.52,553.25,YES,YES,YES,490.2,YES,YES,NO,462.15,NO,NO,NO,510.02,YES,NO,NO,
2026-10-02 23:33 IST,Nifty Smallcap 250,HAPPSTMNDS,304.7,310.6,-1.9,326.68,371.46,381.23,NO,NO,NO,517.97,304.7,NO,YES,-41.17,0.0,308.7,NO,NO,NO,317.7,NO,NO,NO,362.7,NO,NO,NO,346.7,YES,NO,NO,
2026-10-02 23:33 IST,Nifty Smallcap 250,JMFINANCIL,123.4,129.02,-4.36,126.68,126.67,128.74,NO,NO,NO,173.55,111.89,NO,NO,-28.9,10.29,125.78,NO,NO,NO,127.51,YES,YES,NO,128.25,NO,YES,NO,130.66,YES,YES,NO,
2026-10-02 23:33 IST,Nifty Smallcap 250,FINCABLES,1458.8,1450.3,0.59,1385.78,1241.8,997.16,YES,YES,YES,1480.0,705.77,YES,NO,-1.43,106.7,1435.5,YES,YES,YES,1470.2,YES,YES,YES,1239.47,YES,YES,YES,1092.32,NO,YES,YES,
2026-10-02 23:33 IST,Nifty Smallcap 250,ABREL,1100.5,1130.7,-2.67,1264.92,1343.51,1360.22,NO,NO,NO,1887.11,1092.99,NO,YES,-41.68,0.69,1160.6,NO,NO,NO,1206.4,NO,NO,NO,1357.0,NO,NO,NO,1403.15,YES,YES,NO,
2026-10-02 23:33 IST,Nifty Smallcap 250,IRCON,110.25,117.09,-5.84,111.05,119.32,137.78,NO,NO,NO,180.0,102.47,NO,NO,-38.75,7.59,102.47,NO,NO,NO,110.13,NO,NO,NO,118.31,NO,NO,NO,133.27,NO,NO,NO,
2026-10-02 23:33 IST,Nifty Smallcap 250,CASTROLIND,199.04,200.52,-0.74,192.71,187.79,179.23,YES,YES,YES,201.67,167.91,YES,NO,-1.3,18.54,199.83,YES,YES,YES,193.23,YES,YES,YES,186.02,NO,YES,YES,178.41,NO,YES,NO,
2026-10-02 23:33 IST,Nifty Smallcap 250,RADICO,4237.0,4366.0,-2.95,4455.55,4482.18,3529.35,NO,NO,YES,4732.9,2535.57,NO,NO,-10.48,67.1,4364.0,NO,NO,YES,4601.9,YES,YES,YES,4474.3,NO,YES,YES,3883.68,YES,YES,YES,
2026-10-02 23:33 IST,Nifty Smallcap 250,JKTYRE,340.35,347.0,-1.92,351.95,373.73,423.26,NO,NO,NO,598.87,334.8,NO,YES,-43.17,1.66,334.8,NO,NO,NO,355.35,NO,NO,NO,373.95,NO,NO,NO,408.44,YES,YES,NO,
2026-10-02 23:33 IST,Nifty Smallcap 250,AADHARHFC,448.4,436.0,2.84,459.11,476.91,481.78,NO,NO,NO,556.5,432.5,NO,YES,-19.42,3.68,432.5,NO,NO,NO,454.55,NO,NO,NO,476.45,NO,NO,NO,555.6,YES,YES,YES,
2026-10-02 23:33 IST,Nifty Smallcap 250,TITAGARH,805.1,818.15,-1.6,840.21,836.4,797.22,NO,NO,YES,931.48,574.16,NO,NO,-13.57,40.22,819.35,NO,NO,YES,842.05,NO,YES,YES,832.95,NO,NO,YES,876.2,NO,YES,YES,
2026-10-02 23:33 IST,Nifty Smallcap 250,POONAWALLA,433.4,443.85,-2.35,454.89,469.19,441.6,NO,NO,NO,542.5,368.4,NO,NO,-20.11,17.64,443.0,NO,NO,YES,478.85,YES,YES,YES,460.95,NO,NO,YES,460.95,YES,YES,YES,
2026-10-02 23:33 IST,Nifty Smallcap 250,ENGINERSIN,312.75,309.6,1.02,283.0,256.75,225.29,YES,YES,YES,315.65,162.02,YES,NO,-0.92,93.03,310.2,YES,YES,YES,303.7,YES,YES,YES,277.76,YES,YES,YES,235.55,NO,NO,YES,
2026-10-02 23:33 IST,Nifty Smallcap 250,CENTRALBK,30.0,30.46,-1.51,30.88,30.97,33.72,NO,NO,NO,39.79,29.62,NO,YES,-24.6,1.28,30.04,NO,NO,NO,31.63,YES,YES,NO,30.31,NO,NO,NO,32.8,YES,NO,NO,
2026-10-02 23:33 IST,Nifty Smallcap 250,GRAPHITE,786.15,764.8,2.79,796.05,739.25,672.37,NO,YES,YES,844.65,520.44,YES,NO,-6.93,51.05,801.55,YES,YES,YES,821.0,YES,YES,YES,732.9,YES,YES,YES,620.98,NO,NO,NO,
2026-10-02 23:33 IST,Nifty Smallcap 250,HEG,239.28,237.65,0.69,288.54,529.66,,NO,NO,N/A,739.25,215.05,NO,NO,-67.63,11.27,238.25,NO,NO,N/A,237.3,NO,N/A,N/A,729.9,YES,N/A,N/A,,N/A,N/A,N/A,
2026-10-02 23:33 IST,Nifty Smallcap 250,ASTERDM,708.9,697.15,1.69,760.19,785.33,708.78,NO,NO,YES,869.7,535.6,NO,NO,-18.49,32.36,733.95,NO,NO,YES,760.05,NO,NO,YES,757.8,NO,NO,YES,793.2,YES,YES,YES,
2026-10-02 23:33 IST,Nifty Smallcap 250,CUB,230.04,226.05,1.77,228.29,222.03,206.35,YES,YES,YES,238.48,157.55,YES,NO,-3.54,46.01,214.91,NO,NO,YES,225.34,NO,YES,YES,234.99,YES,YES,YES,214.75,YES,YES,YES,
2026-10-02 23:33 IST,Nifty Smallcap 250,GPIL,215.67,222.34,-3.0,237.14,240.4,261.07,NO,NO,NO,304.59,215.67,NO,YES,-29.19,0.0,221.35,NO,NO,NO,234.68,NO,NO,NO,243.41,YES,NO,NO,253.45,NO,NO,NO,
2026-10-02 23:33 IST,Nifty Smallcap 250,IGIL,311.95,315.9,-1.25,320.59,334.56,334.97,NO,NO,NO,378.4,286.61,NO,NO,-17.56,8.84,324.3,YES,NO,NO,331.65,YES,NO,NO,339.75,NO,NO,YES,356.81,NO,YES,YES,
2026-10-02 23:33 IST,Nifty Smallcap 250,AIIL,539.3,546.6,-1.34,537.78,548.65,520.62,YES,NO,YES,667.9,405.3,NO,NO,-19.25,33.06,541.8,YES,NO,YES,561.45,YES,YES,YES,539.3,NO,NO,YES,524.75,YES,YES,NO,
2026-10-02 23:33 IST,Nifty Smallcap 250,FIVESTAR,506.25,516.85,-2.05,530.61,535.05,485.6,NO,NO,YES,657.61,346.04,NO,NO,-23.02,46.3,497.25,NO,NO,YES,549.7,YES,YES,YES,538.1,YES,YES,YES,548.41,YES,YES,YES,
2026-10-02 23:33 IST,Nifty Smallcap 250,CESC,131.62,133.85,-1.67,142.63,150.78,157.35,NO,NO,NO,191.62,131.62,NO,YES,-31.31,0.0,133.87,NO,NO,NO,142.56,NO,NO,NO,145.15,NO,NO,NO,163.64,NO,NO,YES,
2026-10-02 23:33 IST,Nifty Smallcap 250,ACE,1212.3,1232.0,-1.6,1178.63,1134.48,959.83,YES,YES,YES,1253.9,747.58,YES,NO,-3.32,62.16,1205.8,YES,YES,YES,1253.9,YES,YES,YES,1091.79,NO,YES,YES,988.09,YES,YES,YES,
2026-10-02 23:33 IST,Nifty Smallcap 250,PNBHOUSING,1092.0,1120.0,-2.5,1137.64,1132.11,987.47,NO,NO,YES,1185.0,744.94,NO,NO,-7.85,46.59,1098.2,NO,NO,YES,1138.5,NO,YES,YES,1152.0,NO,YES,YES,1056.16,YES,YES,YES,
2026-10-02 23:33 IST,Nifty Smallcap 250,CEATLTD,3286.6,3264.4,0.68,3332.16,3459.41,3522.28,NO,NO,NO,4259.23,3074.72,NO,YES,-22.84,6.89,3240.0,NO,NO,NO,3432.2,YES,NO,NO,3400.2,NO,NO,NO,3761.01,YES,YES,YES,
2026-10-02 23:33 IST,Nifty Smallcap 250,INOXINDIA,2168.3,2052.5,5.64,2135.93,2037.1,1559.84,YES,YES,YES,2295.8,1072.11,YES,NO,-5.55,102.25,2070.4,NO,YES,YES,2168.9,YES,YES,YES,2165.9,YES,YES,YES,1871.0,NO,YES,YES,
2026-10-02 23:33 IST,Nifty Smallcap 250,JBCHEPHARM,,,,,,,N/A,N/A,N/A,,,NO,NO,,,,N/A,N/A,N/A,,N/A,N/A,N/A,,N/A,N/A,N/A,,N/A,N/A,N/A,Insufficient data
2026-10-02 23:33 IST,Nifty Smallcap 250,RAILTEL,257.2,265.65,-3.18,262.46,275.44,306.46,NO,NO,NO,393.46,245.02,NO,YES,-34.63,4.97,259.25,NO,NO,NO,268.75,YES,NO,NO,277.9,NO,NO,NO,313.12,YES,NO,NO,
2026-10-02 23:33 IST,Nifty Smallcap 250,JYOTICNC,1032.1,1039.85,-0.75,1030.66,944.38,827.09,YES,YES,YES,1113.85,585.5,NO,NO,-7.34,76.28,1059.3,YES,YES,YES,1100.8,YES,YES,YES,989.1,YES,YES,YES,770.35,YES,YES,NO,
2026-10-02 23:33 IST,Nifty Smallcap 250,ANANDRATHI,2117.5,2120.0,-0.12,2186.35,2152.76,1806.87,NO,NO,YES,2229.5,1416.97,YES,NO,-5.02,49.44,2100.6,NO,NO,YES,2169.2,NO,YES,YES,2197.0,YES,YES,YES,2061.7,YES,YES,YES,
2026-10-02 23:33 IST,Nifty Smallcap 250,BSOFT,269.75,271.7,-0.72,280.25,295.0,344.08,NO,NO,NO,458.73,268.24,NO,YES,-41.2,0.56,269.05,NO,NO,NO,281.1,NO,NO,NO,295.8,NO,NO,NO,278.44,NO,NO,NO,
2026-10-02 23:33 IST,Nifty Smallcap 250,NH,1741.4,1791.4,-2.79,1873.61,1893.66,1852.48,NO,NO,NO,2080.3,1601.75,NO,NO,-16.29,8.72,1789.9,NO,NO,NO,1919.3,YES,YES,YES,1938.7,YES,NO,YES,1998.37,YES,YES,YES,
2026-10-02 23:33 IST,Nifty Smallcap 250,NUVAMA,1701.4,1652.5,2.96,1724.13,1746.92,1521.8,NO,NO,YES,1980.1,1100.08,NO,NO,-14.08,54.66,1652.1,NO,NO,YES,1688.2,NO,NO,YES,1785.0,YES,NO,YES,1887.5,YES,YES,YES,
2026-10-02 23:33 IST,Nifty Smallcap 250,LEMONTREE,107.67,104.25,3.28,105.36,107.8,118.52,YES,NO,NO,173.24,100.42,NO,NO,-37.85,7.22,104.17,NO,NO,NO,107.92,YES,NO,NO,106.15,NO,NO,NO,118.95,YES,YES,NO,
2026-10-02 23:33 IST,Nifty Smallcap 250,KEC,372.35,377.25,-1.3,399.39,427.59,534.86,NO,NO,NO,852.27,372.35,NO,YES,-56.31,0.0,378.35,NO,NO,NO,402.4,NO,NO,NO,417.0,NO,NO,NO,505.12,NO,NO,NO,
2026-10-02 23:33 IST,Nifty Smallcap 250,GRANULES,821.75,846.55,-2.93,870.37,854.92,719.5,NO,NO,YES,909.3,515.93,NO,NO,-9.63,59.28,866.75,NO,YES,YES,860.25,NO,YES,YES,837.2,NO,NO,YES,832.07,YES,YES,YES,
2026-10-02 23:33 IST,Nifty Smallcap 250,KIRLOSENG,2242.7,2304.2,-2.67,2185.6,2158.72,1744.91,YES,YES,YES,2558.19,866.19,NO,NO,-12.33,158.92,2402.0,YES,YES,YES,2219.5,YES,YES,YES,2138.3,YES,NO,YES,2226.09,YES,YES,YES,
2026-10-02 23:33 IST,Nifty Smallcap 250,MSUMI,33.53,34.07,-1.58,35.65,38.06,40.15,NO,NO,NO,51.31,33.53,NO,YES,-34.65,0.0,34.36,NO,NO,NO,34.98,NO,NO,NO,37.11,NO,NO,NO,40.71,YES,YES,NO,
2026-10-02 23:33 IST,Nifty Smallcap 250,FIRSTCRY,174.75,179.94,-2.88,175.6,192.28,228.54,NO,NO,NO,377.9,168.83,NO,YES,-53.76,3.51,184.37,YES,NO,NO,180.41,YES,NO,NO,177.67,NO,NO,NO,219.26,NO,NO,NO,
2026-10-02 23:33 IST,Nifty Smallcap 250,TATACHEM,607.8,611.45,-0.6,653.33,656.83,698.69,NO,NO,NO,912.72,574.42,NO,YES,-33.41,5.81,613.85,NO,NO,NO,669.9,YES,YES,NO,633.6,NO,NO,NO,693.1,NO,NO,NO,
2026-10-02 23:33 IST,Nifty Smallcap 250,SWANCORP,272.8,280.2,-2.64,290.4,299.12,346.48,NO,NO,NO,480.06,272.8,NO,YES,-43.17,0.0,284.05,NO,NO,NO,300.05,YES,NO,NO,289.4,NO,NO,NO,310.75,NO,NO,NO,
2026-10-02 23:33 IST,Nifty Smallcap 250,INTELLECT,610.95,613.65,-0.44,660.01,688.07,742.05,NO,NO,NO,1186.57,592.84,NO,YES,-48.51,3.05,613.25,NO,NO,NO,668.05,NO,NO,NO,694.7,NO,NO,NO,779.49,YES,YES,NO,
2026-10-02 23:33 IST,Nifty Smallcap 250,TECHNOE,998.6,1008.75,-1.01,985.57,987.85,1064.68,YES,YES,NO,1363.17,887.0,NO,NO,-26.74,12.58,1010.15,YES,YES,NO,1012.05,YES,YES,NO,969.36,NO,NO,NO,1074.06,YES,NO,NO,
2026-10-02 23:33 IST,Nifty Smallcap 250,GRAVITA,1412.6,1447.4,-2.4,1599.77,1693.93,1655.8,NO,NO,NO,1875.4,1295.1,NO,NO,-24.68,9.07,1446.9,NO,NO,NO,1561.1,NO,NO,NO,1781.9,NO,YES,YES,1724.4,YES,YES,YES,
2026-10-02 23:33 IST,Nifty Smallcap 250,AAVAS,1190.9,1211.9,-1.73,1282.22,1328.13,1356.01,NO,NO,NO,1736.4,1073.9,NO,NO,-31.42,10.89,1248.4,NO,NO,NO,1285.8,YES,NO,NO,1248.4,NO,NO,NO,1506.1,YES,YES,YES,
2026-10-02 23:33 IST,Nifty Smallcap 250,BLUEJET,541.8,538.05,0.7,569.04,580.63,488.55,NO,NO,YES,680.93,326.57,NO,NO,-20.43,65.91,549.6,NO,NO,YES,585.75,YES,YES,YES,585.13,NO,YES,YES,554.84,YES,YES,YES,
2026-10-02 23:33 IST,Nifty Smallcap 250,ABSLAMC,991.7,995.3,-0.36,1043.72,1027.24,964.92,NO,NO,YES,1169.69,699.42,NO,NO,-15.22,41.79,955.9,NO,NO,NO,1026.6,NO,NO,YES,1029.1,YES,NO,YES,1149.59,YES,YES,YES,
2026-10-02 23:33 IST,Nifty Smallcap 250,HOMEFIRST,1125.7,1104.8,1.89,1183.93,1184.11,1129.99,NO,NO,NO,1280.1,900.59,NO,NO,-12.06,25.0,1094.4,NO,NO,NO,1205.8,YES,YES,YES,1182.8,NO,NO,YES,1205.2,YES,YES,YES,
2026-10-02 23:33 IST,Nifty Smallcap 250,SIGNATURE,737.45,727.15,1.42,770.31,787.3,860.1,NO,NO,NO,1146.5,714.2,NO,YES,-35.68,3.26,754.45,NO,NO,NO,768.75,NO,NO,NO,769.9,NO,NO,NO,763.5,NO,NO,NO,
2026-10-02 23:33 IST,Nifty Smallcap 250,ECLERX,1802.9,1819.9,-0.93,1901.08,1886.2,1772.51,NO,NO,YES,2472.13,1324.17,NO,NO,-27.07,36.15,1769.7,NO,NO,NO,1924.2,NO,YES,YES,1973.8,YES,YES,YES,1487.98,YES,YES,NO,
2026-10-02 23:33 IST,Nifty Smallcap 250,AFFLE,1449.6,1511.0,-4.06,1570.43,1610.97,1538.62,NO,NO,NO,1967.4,1268.7,NO,NO,-26.32,14.26,1501.0,NO,NO,NO,1584.3,YES,NO,YES,1565.1,NO,NO,YES,1464.6,YES,NO,NO,
2026-10-02 23:33 IST,Nifty Smallcap 250,CHAMBLFERT,399.3,409.25,-2.43,416.61,427.48,441.53,NO,NO,NO,507.33,399.3,NO,YES,-21.29,0.0,413.55,NO,NO,NO,419.6,YES,NO,NO,412.3,NO,NO,NO,475.15,YES,YES,YES,
2026-10-02 23:33 IST,Nifty Smallcap 250,BAYERCROP,3554.2,3627.6,-2.02,3850.64,4013.62,4318.16,NO,NO,NO,4942.01,3554.2,NO,YES,-28.08,0.0,3602.7,NO,NO,NO,3762.6,NO,NO,NO,3987.6,NO,NO,NO,4078.31,NO,NO,NO,
2026-10-02 23:33 IST,Nifty Smallcap 250,DOMS,2097.5,2107.0,-0.45,2132.34,2192.44,2300.36,NO,NO,NO,2669.47,2046.5,NO,YES,-21.43,2.49,2052.4,NO,NO,NO,2141.5,NO,NO,NO,2232.5,YES,NO,NO,2336.42,YES,YES,NO,
2026-10-02 23:33 IST,Nifty Smallcap 250,CYIENT,1104.6,1100.7,0.35,1077.43,980.37,960.1,YES,YES,YES,1208.1,752.85,NO,NO,-8.57,46.72,1055.3,NO,YES,YES,1072.2,NO,YES,YES,1164.6,YES,YES,YES,890.35,YES,YES,NO,
2026-10-02 23:33 IST,Nifty Smallcap 250,TRIVENI,230.92,235.7,-2.03,252.93,256.69,354.66,NO,NO,NO,475.05,220.52,NO,YES,-51.39,4.72,239.15,NO,NO,NO,242.35,NO,NO,NO,295.64,YES,NO,NO,466.24,YES,YES,YES,
2026-10-02 23:33 IST,Nifty Smallcap 250,WELSPUNLIV,239.17,227.33,5.21,214.25,189.61,149.36,YES,YES,YES,239.17,108.25,YES,NO,0.0,120.94,225.21,YES,YES,YES,223.77,YES,YES,YES,198.41,YES,YES,YES,170.83,YES,YES,YES,
2026-10-02 23:33 IST,Nifty Smallcap 250,ARE&M,747.4,754.55,-0.95,807.52,872.22,848.82,NO,NO,NO,1004.74,668.44,NO,NO,-25.61,11.81,766.3,NO,NO,NO,812.85,NO,NO,NO,879.9,NO,NO,YES,850.06,YES,YES,NO,
2026-10-02 23:33 IST,Nifty Smallcap 250,BATAINDIA,613.0,618.75,-0.93,643.28,670.44,714.49,NO,NO,NO,1164.62,579.78,NO,YES,-47.36,5.73,620.35,NO,NO,NO,637.2,NO,NO,NO,677.35,NO,YES,NO,664.82,NO,NO,NO,
2026-10-02 23:33 IST,Nifty Smallcap 250,SAILIFE,1541.2,1524.5,1.1,1586.08,1478.69,1147.16,NO,YES,YES,1675.4,795.0,NO,NO,-8.01,93.86,1559.9,NO,YES,YES,1609.6,YES,YES,YES,1518.1,YES,YES,YES,1257.3,YES,YES,YES,
2026-10-02 23:33 IST,Nifty Smallcap 250,DEEPAKFERT,1300.9,1351.0,-3.71,1341.9,1439.43,1287.57,NO,NO,YES,1653.03,866.19,NO,NO,-21.3,50.19,1308.9,NO,NO,YES,1386.2,YES,NO,YES,1427.5,NO,NO,YES,1638.13,YES,YES,YES,
2026-10-02 23:33 IST,Nifty Smallcap 250,NEULANDLAB,21505.0,21350.0,0.73,22640.75,22107.18,16955.68,NO,NO,YES,23995.0,11533.68,NO,NO,-10.38,86.45,21375.0,NO,NO,YES,22490.0,NO,YES,YES,23025.0,YES,YES,YES,18909.05,YES,YES,YES,
2026-10-02 23:33 IST,Nifty Smallcap 250,AARTIIND,465.1,475.7,-2.23,488.27,501.31,453.47,NO,NO,YES,542.07,339.33,NO,NO,-14.2,37.06,469.9,NO,NO,YES,491.35,NO,NO,YES,523.81,YES,YES,YES,486.73,YES,YES,YES,
2026-10-02 23:33 IST,Nifty Smallcap 250,STARHEALTH,537.7,534.65,0.57,554.65,571.14,515.95,NO,NO,YES,610.4,425.15,NO,NO,-11.91,26.47,538.1,NO,NO,YES,549.2,NO,NO,YES,560.4,NO,NO,YES,580.3,YES,YES,YES,
2026-10-02 23:33 IST,Nifty Smallcap 250,FSL,250.4,255.8,-2.11,262.26,272.53,262.53,NO,NO,NO,359.36,204.39,NO,NO,-30.32,22.51,248.9,NO,NO,NO,267.85,YES,NO,YES,266.0,NO,NO,NO,240.33,NO,NO,NO,
2026-10-02 23:33 IST,Nifty Smallcap 250,DBREALTY,91.7,96.52,-4.99,98.48,105.37,110.49,NO,NO,NO,163.21,83.97,NO,NO,-43.81,9.21,97.82,NO,NO,NO,101.48,YES,NO,NO,102.9,NO,NO,NO,114.66,YES,NO,NO,
2026-10-02 23:33 IST,Nifty Smallcap 250,NAVA,552.5,559.35,-1.22,553.27,560.03,582.1,NO,NO,NO,723.64,501.32,NO,NO,-23.65,10.21,545.95,NO,NO,NO,553.65,NO,NO,NO,563.6,NO,NO,NO,616.59,YES,NO,YES,
2026-10-02 23:33 IST,Nifty Smallcap 250,CHOICEIN,719.4,726.25,-0.94,753.34,784.2,743.66,NO,NO,NO,850.3,583.95,NO,NO,-15.39,23.2,741.15,NO,NO,NO,751.85,NO,NO,YES,774.7,NO,NO,YES,800.05,YES,YES,YES,
2026-10-02 23:33 IST,Nifty Smallcap 250,CREDITACC,1239.0,1272.0,-2.59,1370.75,1454.24,1349.31,NO,NO,NO,1614.0,1134.9,NO,NO,-23.23,9.17,1216.3,NO,NO,NO,1349.6,NO,NO,YES,1393.3,NO,NO,YES,1557.4,YES,YES,YES,
2026-10-02 23:33 IST,Nifty Smallcap 250,CCL,1056.6,1019.5,3.64,1068.24,1104.54,1073.29,NO,NO,NO,1226.28,824.72,NO,NO,-13.84,28.12,1006.2,NO,NO,NO,1043.2,NO,NO,NO,1100.1,NO,NO,YES,1169.74,YES,YES,YES,
2026-10-02 23:33 IST,Nifty Smallcap 250,CERA,5096.5,5088.0,0.17,5538.25,5787.44,5463.26,NO,NO,NO,6585.47,4472.66,NO,NO,-22.61,13.95,5124.5,NO,NO,NO,5520.0,NO,NO,YES,5717.5,NO,NO,YES,6386.27,YES,YES,YES,
2026-10-02 23:33 IST,Nifty Smallcap 250,RCF,106.8,109.97,-2.88,109.87,116.93,125.19,NO,NO,NO,149.86,105.37,NO,YES,-28.73,1.36,108.11,NO,NO,NO,109.63,NO,NO,NO,113.11,NO,NO,NO,131.36,YES,YES,NO,
2026-10-02 23:33 IST,Nifty Smallcap 250,BLS,216.51,218.26,-0.8,229.72,242.03,264.58,NO,NO,NO,348.13,216.51,NO,YES,-37.81,0.0,219.55,NO,NO,NO,230.07,NO,NO,NO,237.67,NO,NO,NO,253.05,NO,NO,NO,
2026-10-02 23:33 IST,Nifty Smallcap 250,JSWCEMENT,111.6,113.38,-1.57,117.92,124.85,124.25,NO,NO,NO,142.29,107.62,NO,YES,-21.57,3.7,112.58,NO,NO,NO,118.18,NO,NO,NO,124.75,NO,NO,YES,136.07,YES,YES,YES,
2026-10-02 23:33 IST,Nifty Smallcap 250,ZENSARTECH,434.35,422.1,2.9,438.0,470.82,532.11,NO,NO,NO,786.04,415.22,NO,YES,-44.74,4.61,429.0,NO,NO,NO,430.75,NO,NO,NO,472.95,NO,NO,NO,503.86,YES,YES,NO,
2026-10-02 23:33 IST,Nifty Smallcap 250,LTFOODS,399.15,400.4,-0.31,428.8,422.46,399.55,NO,NO,NO,457.91,335.55,NO,NO,-12.83,18.95,402.8,NO,NO,YES,430.0,NO,YES,YES,435.96,YES,YES,YES,378.25,NO,NO,NO,
2026-10-02 23:33 IST,Nifty Smallcap 250,ABFRL,44.53,46.32,-3.86,49.84,53.97,62.22,NO,NO,NO,87.99,44.53,NO,YES,-49.39,0.0,46.24,NO,NO,NO,49.09,NO,NO,NO,51.1,NO,NO,NO,62.47,YES,NO,NO,
2026-10-02 23:33 IST,Nifty Smallcap 250,RELINFRA,46.48,44.27,4.99,50.93,58.87,87.77,NO,NO,NO,249.58,43.42,NO,NO,-81.38,7.05,43.42,NO,NO,NO,47.06,NO,NO,NO,58.21,NO,NO,NO,73.61,NO,NO,NO,
2026-10-02 23:33 IST,Nifty Smallcap 250,EMCURE,1944.6,1943.0,0.08,1950.17,1925.11,1685.85,NO,YES,YES,2009.3,1301.77,YES,NO,-3.22,49.38,1959.1,YES,YES,YES,1981.7,YES,YES,YES,1842.32,NO,NO,YES,1835.53,YES,YES,YES,
2026-10-02 23:33 IST,Nifty Smallcap 250,MANYAVAR,519.2,535.1,-2.97,552.71,516.12,455.82,NO,YES,YES,687.27,332.3,NO,NO,-24.45,56.24,531.7,NO,YES,YES,531.15,NO,YES,YES,539.06,YES,YES,YES,395.39,NO,NO,NO,
2026-10-02 23:33 IST,Nifty Smallcap 250,ELGIEQUIP,584.65,608.85,-3.97,614.32,605.23,543.34,NO,NO,YES,642.4,413.62,NO,NO,-8.99,41.35,594.85,NO,NO,YES,614.7,NO,YES,YES,628.9,YES,YES,YES,575.86,NO,YES,YES,
2026-10-02 23:33 IST,Nifty Smallcap 250,JUBLINGREA,638.0,653.2,-2.33,651.13,694.72,666.67,NO,NO,NO,761.24,539.48,NO,NO,-16.19,18.26,639.1,NO,NO,NO,640.95,NO,NO,NO,693.25,NO,NO,YES,676.67,YES,YES,YES,
2026-10-02 23:33 IST,Nifty Smallcap 250,AEGISVOPAK,290.75,296.8,-2.04,297.02,286.93,235.29,NO,YES,YES,318.3,161.53,NO,NO,-8.66,80.0,294.25,NO,YES,YES,302.8,YES,YES,YES,270.1,NO,NO,YES,257.24,YES,YES,YES,
2026-10-02 23:33 IST,Nifty Smallcap 250,IKS,1776.4,1747.5,1.65,1786.52,1789.51,1657.26,NO,NO,YES,1937.8,1274.9,NO,NO,-8.33,39.34,1779.4,NO,NO,YES,1937.8,YES,YES,YES,1740.8,NO,NO,YES,1861.2,YES,YES,YES,
2026-10-02 23:33 IST,Nifty Smallcap 250,BRIGADE,569.55,575.25,-0.99,630.78,611.68,568.18,NO,NO,YES,778.36,474.38,NO,NO,-26.83,20.06,563.05,NO,NO,NO,616.45,NO,YES,YES,645.1,YES,YES,YES,512.08,NO,NO,NO,
2026-10-02 23:33 IST,Nifty Smallcap 250,RKFORGE,695.45,702.3,-0.98,709.45,706.87,587.39,NO,NO,YES,755.0,461.96,NO,NO,-7.89,50.54,714.65,YES,YES,YES,710.2,NO,YES,YES,753.6,YES,YES,YES,577.35,YES,YES,YES,
2026-10-02 23:33 IST,Nifty Smallcap 250,ELECON,440.0,461.8,-4.72,434.96,432.18,455.38,YES,YES,NO,617.32,353.74,NO,NO,-28.72,24.39,480.4,YES,YES,YES,466.6,YES,YES,YES,412.25,NO,NO,NO,526.7,NO,YES,YES,
2026-10-02 23:33 IST,Nifty Smallcap 250,LATENTVIEW,234.48,236.0,-0.64,252.39,275.0,325.02,NO,NO,NO,502.1,234.48,NO,YES,-53.3,0.0,235.5,NO,NO,NO,253.4,NO,NO,NO,272.55,NO,NO,NO,280.85,NO,NO,NO,
2026-10-02 23:33 IST,Nifty Smallcap 250,VTL,529.25,534.6,-1.0,564.98,583.57,553.64,NO,NO,NO,660.65,391.33,NO,NO,-19.89,35.24,529.55,NO,NO,NO,561.45,NO,NO,YES,602.3,YES,NO,YES,660.65,YES,YES,YES,
2026-10-02 23:33 IST,Nifty Smallcap 250,DEVYANI,127.07,130.29,-2.47,137.38,134.81,122.85,NO,NO,YES,171.74,94.59,NO,NO,-26.01,34.34,130.72,NO,NO,YES,140.11,YES,YES,YES,138.69,NO,YES,YES,114.19,YES,NO,NO,
2026-10-02 23:33 IST,Nifty Smallcap 250,SARDAEN,494.75,497.3,-0.51,508.07,507.68,519.82,NO,NO,NO,610.36,460.63,NO,NO,-18.94,7.41,500.35,NO,NO,NO,505.95,NO,NO,NO,498.9,NO,NO,NO,498.54,NO,NO,NO,
2026-10-02 23:33 IST,Nifty Smallcap 250,INDIAMART,1620.3,1629.0,-0.53,1664.86,1724.54,1961.22,NO,NO,NO,2434.2,1612.9,NO,YES,-33.44,0.46,1612.9,NO,NO,NO,1652.4,NO,NO,NO,1764.4,YES,NO,NO,1879.2,NO,NO,NO,
2026-10-02 23:33 IST,Nifty Smallcap 250,HONASA,427.9,431.35,-0.8,467.83,467.07,370.37,NO,NO,YES,499.69,254.71,NO,NO,-14.37,67.99,441.65,NO,NO,YES,484.9,YES,YES,YES,480.9,YES,YES,YES,466.59,YES,YES,YES,
2026-10-02 23:33 IST,Nifty Smallcap 250,WHIRLPOOL,861.65,890.25,-3.21,803.14,794.3,834.57,YES,YES,YES,1412.45,717.7,NO,NO,-39.0,20.06,888.2,YES,YES,YES,865.25,YES,YES,YES,801.15,YES,YES,NO,803.35,YES,NO,NO,
2026-10-02 23:33 IST,Nifty Smallcap 250,RRKABEL,2518.2,2518.6,-0.02,2457.68,2626.24,1945.19,YES,NO,YES,2928.4,1238.81,NO,NO,-14.01,103.28,2523.2,YES,NO,YES,2476.7,NO,NO,YES,2869.8,YES,YES,YES,2343.3,YES,YES,YES,
2026-10-02 23:33 IST,Nifty Smallcap 250,CLEAN,803.05,794.35,1.1,825.88,805.51,788.07,NO,NO,YES,1089.36,653.32,NO,NO,-26.28,22.92,775.75,NO,NO,NO,836.6,YES,YES,YES,823.22,YES,YES,YES,769.67,NO,NO,NO,
2026-10-02 23:33 IST,Nifty Smallcap 250,KAJARIACER,1225.1,1235.1,-0.81,1218.63,1212.52,1089.81,YES,YES,YES,1254.81,879.24,YES,NO,-2.37,39.34,1190.5,NO,NO,YES,1216.4,NO,YES,YES,1238.59,YES,YES,YES,1197.99,YES,YES,YES,
2026-10-02 23:33 IST,Nifty Smallcap 250,POLYMED,1638.1,1673.8,-2.13,1711.32,1723.53,1566.08,NO,NO,YES,2059.18,1188.67,NO,NO,-20.45,37.81,1644.7,NO,NO,YES,1726.6,NO,YES,YES,1756.4,YES,YES,YES,1674.37,YES,YES,YES,
2026-10-02 23:33 IST,Nifty Smallcap 250,USHAMART,491.7,498.65,-1.39,506.16,501.74,460.91,NO,NO,YES,535.05,384.46,NO,NO,-8.1,27.89,498.9,NO,NO,YES,535.05,YES,YES,YES,499.6,YES,YES,YES,510.27,YES,YES,YES,
2026-10-02 23:33 IST,Nifty Smallcap 250,CAPLIPOINT,2631.9,2716.4,-3.11,2753.27,2630.54,2115.08,NO,YES,YES,2867.4,1499.51,NO,NO,-8.21,75.52,2744.0,NO,YES,YES,2793.8,YES,YES,YES,2707.02,YES,YES,YES,2534.19,YES,YES,YES,
2026-10-02 23:33 IST,Nifty Smallcap 250,ONESOURCE,1508.0,1521.6,-0.89,1576.22,1575.91,1580.75,NO,NO,NO,1889.8,1114.0,NO,NO,-20.2,35.37,1583.3,YES,YES,YES,1596.7,YES,YES,YES,1527.9,NO,NO,NO,1669.0,YES,NO,YES,
2026-10-02 23:33 IST,Nifty Smallcap 250,EMAMILTD,372.65,379.05,-1.69,375.56,390.06,432.89,NO,NO,NO,547.12,363.65,NO,YES,-31.89,2.47,381.05,YES,NO,NO,391.45,YES,NO,NO,376.65,NO,NO,NO,420.05,YES,YES,NO,
2026-10-02 23:33 IST,Nifty Smallcap 250,WELCORP,2605.8,2717.0,-4.09,2662.04,2246.09,1366.42,NO,YES,YES,2842.0,719.46,NO,NO,-8.31,262.19,2842.0,YES,YES,YES,2796.8,YES,YES,YES,2553.6,YES,YES,YES,1439.3,YES,YES,YES,
2026-10-02 23:33 IST,Nifty Smallcap 250,GODIGIT,256.3,260.05,-1.44,252.7,257.52,304.53,YES,NO,NO,365.6,239.0,NO,NO,-29.9,7.24,253.2,YES,NO,NO,245.0,NO,NO,NO,260.75,NO,NO,NO,313.55,YES,YES,NO,
2026-10-02 23:33 IST,Nifty Smallcap 250,MAHSEAMLES,698.75,737.65,-5.27,705.05,641.81,592.17,NO,YES,YES,737.65,498.81,YES,NO,-5.27,40.08,721.85,YES,YES,YES,702.75,YES,YES,YES,649.6,YES,YES,YES,600.85,NO,NO,YES,
2026-10-02 23:33 IST,Nifty Smallcap 250,ALOKINDS,7.06,7.09,-0.42,7.37,9.7,12.84,NO,NO,NO,17.9,7.05,NO,YES,-60.56,0.14,7.06,NO,NO,NO,7.64,NO,NO,NO,7.69,NO,NO,NO,13.15,YES,YES,NO,
2026-10-02 23:33 IST,Nifty Smallcap 250,MAPMYINDIA,845.75,858.1,-1.44,912.79,990.93,1073.73,NO,NO,NO,1943.5,798.76,NO,YES,-56.48,5.88,845.2,NO,NO,NO,906.8,NO,NO,NO,999.6,NO,NO,NO,935.6,YES,YES,NO,
2026-10-02 23:33 IST,Nifty Smallcap 250,SONATSOFTW,254.05,258.25,-1.63,274.69,296.39,284.46,NO,NO,NO,383.04,205.99,NO,NO,-33.68,23.33,260.85,NO,NO,NO,282.0,YES,NO,NO,289.0,NO,NO,NO,273.21,NO,YES,NO,
2026-10-02 23:33 IST,Nifty Smallcap 250,BLUEDART,4496.8,4629.0,-2.86,4843.43,4985.04,5168.42,NO,NO,NO,6694.0,4496.8,NO,YES,-32.82,0.0,4576.0,NO,NO,NO,4799.5,NO,NO,NO,4924.0,NO,NO,NO,4898.5,YES,NO,NO,
2026-10-02 23:33 IST,Nifty Smallcap 250,INDGN,593.5,590.75,0.47,592.29,568.96,514.12,YES,YES,YES,613.3,421.65,YES,NO,-3.23,40.76,605.15,YES,YES,YES,598.4,YES,YES,YES,605.4,YES,YES,YES,506.08,NO,NO,NO,
2026-10-02 23:33 IST,Nifty Smallcap 250,PTCIL,22025.0,22190.0,-0.74,22746.0,20815.4,18215.78,NO,YES,YES,23830.0,14726.0,NO,NO,-7.57,49.57,22535.0,NO,YES,YES,22355.0,NO,YES,YES,22755.0,YES,YES,YES,17763.0,NO,YES,YES,
2026-10-02 23:33 IST,Nifty Smallcap 250,RAINBOW,1279.8,1314.3,-2.62,1427.72,1462.78,1329.82,NO,NO,NO,1598.6,1101.21,NO,NO,-19.94,16.22,1367.8,NO,NO,YES,1406.5,NO,NO,YES,1414.7,NO,NO,YES,1417.47,YES,YES,YES,
2026-10-02 23:33 IST,Nifty Smallcap 250,KPIL,1356.4,1380.6,-1.75,1406.85,1370.95,1245.41,NO,NO,YES,1445.5,1010.01,YES,NO,-6.16,34.3,1365.1,NO,NO,YES,1411.8,YES,YES,YES,1408.4,YES,YES,YES,1384.0,YES,YES,YES,
2026-10-02 23:33 IST,Nifty Smallcap 250,EIDPARRY,674.55,685.9,-1.65,721.21,762.12,823.03,NO,NO,NO,1089.8,674.55,NO,YES,-38.1,0.0,696.25,NO,NO,NO,701.4,NO,NO,NO,795.6,NO,YES,NO,742.4,YES,NO,NO,
2026-10-02 23:33 IST,Nifty Smallcap 250,CRAFTSMAN,10266.0,10417.0,-1.45,11097.15,10662.62,8692.68,NO,NO,YES,11851.0,6416.17,NO,NO,-13.37,60.0,10505.0,NO,NO,YES,10904.0,NO,YES,YES,11253.0,YES,YES,YES,9107.89,NO,YES,YES,
2026-10-02 23:33 IST,Nifty Smallcap 250,JYOTHYLAB,182.91,186.7,-2.03,193.82,200.62,221.62,NO,NO,NO,315.49,182.91,NO,YES,-42.02,0.0,184.26,NO,NO,NO,194.11,NO,NO,NO,204.81,NO,YES,NO,192.13,NO,NO,NO,
2026-10-02 23:33 IST,Nifty Smallcap 250,LALPATHLAB,2005.1,1987.0,0.91,1922.14,1904.99,1588.84,YES,YES,YES,2005.1,1300.98,YES,NO,0.0,54.12,1950.4,YES,YES,YES,1924.3,YES,YES,YES,1904.4,NO,YES,YES,1641.33,YES,YES,YES,
2026-10-02 23:33 IST,Nifty Smallcap 250,KIRLOSBROS,1767.6,1774.9,-0.41,1798.14,1859.43,1710.3,NO,NO,YES,2065.44,1334.03,NO,NO,-14.42,32.5,1848.3,YES,NO,YES,1794.3,NO,NO,YES,1886.3,NO,NO,YES,1845.48,NO,YES,YES,
2026-10-02 23:33 IST,Nifty Smallcap 250,FINPIPE,150.49,151.48,-0.65,153.49,156.84,167.58,NO,NO,NO,202.29,147.32,NO,YES,-25.61,2.15,151.15,NO,NO,NO,154.16,NO,NO,NO,152.62,NO,NO,NO,171.71,NO,YES,NO,
2026-10-02 23:33 IST,Nifty Smallcap 250,METROPOLIS,537.9,541.7,-0.7,582.98,575.36,516.17,NO,NO,YES,602.1,420.92,NO,NO,-10.66,27.79,562.3,NO,NO,YES,585.5,NO,YES,YES,582.25,YES,YES,YES,556.0,YES,YES,YES,
2026-10-02 23:33 IST,Nifty Smallcap 250,KIMS,736.25,746.4,-1.36,775.42,785.14,721.65,NO,NO,YES,850.65,582.1,NO,NO,-13.45,26.48,769.9,NO,NO,YES,798.05,YES,YES,YES,758.4,NO,NO,YES,850.65,YES,YES,YES,
2026-10-02 23:33 IST,Nifty Smallcap 250,NSLNISP,40.95,41.32,-0.9,43.19,43.16,42.42,NO,NO,NO,52.55,33.2,NO,NO,-22.07,23.34,41.79,NO,NO,NO,43.95,NO,YES,YES,45.61,YES,YES,YES,44.46,NO,NO,YES,
2026-10-02 23:33 IST,Nifty Smallcap 250,TTML,34.82,34.3,1.52,35.92,37.58,41.69,NO,NO,NO,58.68,31.36,NO,NO,-40.66,11.03,35.18,NO,NO,NO,35.63,NO,NO,NO,38.92,YES,NO,NO,42.77,NO,NO,NO,
2026-10-02 23:33 IST,Nifty Smallcap 250,SBFC,84.19,85.48,-1.51,93.58,93.87,94.15,NO,NO,NO,118.5,80.95,NO,YES,-28.95,4.0,84.46,NO,NO,NO,91.21,NO,NO,NO,99.95,YES,YES,YES,91.25,NO,NO,NO,
2026-10-02 23:33 IST,Nifty Smallcap 250,SUMICHEM,417.6,433.25,-3.61,463.73,504.01,456.5,NO,NO,NO,564.95,363.57,NO,NO,-26.08,14.86,431.15,NO,NO,NO,464.2,NO,NO,YES,514.2,NO,YES,YES,501.09,YES,YES,YES,
2026-10-02 23:33 IST,Nifty Smallcap 250,GILLETTE,6899.0,7000.0,-1.44,7208.9,7412.09,7772.7,NO,NO,NO,9327.56,6899.0,NO,YES,-26.04,0.0,6963.5,NO,NO,NO,7094.0,NO,NO,NO,7419.5,NO,NO,NO,7549.6,NO,NO,NO,
2026-10-02 23:33 IST,Nifty Smallcap 250,SAREGAMA,494.75,506.55,-2.33,496.96,506.99,412.2,NO,NO,YES,557.25,311.1,NO,NO,-11.22,59.03,493.45,NO,NO,YES,507.0,YES,NO,YES,493.75,NO,NO,YES,485.75,YES,YES,YES,
2026-10-02 23:33 IST,Nifty Smallcap 250,CANFINHOME,711.0,719.2,-1.14,771.3,797.34,851.27,NO,NO,NO,941.59,711.0,NO,YES,-24.49,0.0,731.7,NO,NO,NO,757.95,NO,NO,NO,793.4,NO,NO,NO,900.1,YES,YES,YES,
2026-10-02 23:33 IST,Nifty Smallcap 250,TBOTEK,1671.5,1685.2,-0.81,1688.12,1646.49,1430.32,NO,YES,YES,1745.1,1018.0,YES,NO,-4.22,64.19,1684.7,NO,YES,YES,1704.5,YES,YES,YES,1745.1,YES,YES,YES,1526.3,YES,YES,YES,
2026-10-02 23:33 IST,Nifty Smallcap 250,SOBHA,1213.1,1221.6,-0.7,1225.31,1283.14,1372.32,NO,NO,NO,1694.26,1152.08,NO,YES,-28.4,5.3,1216.5,NO,NO,NO,1243.8,YES,NO,NO,1244.9,NO,NO,NO,1437.01,YES,YES,NO,
2026-10-02 23:33 IST,Nifty Smallcap 250,RAMCOCEM,830.85,845.55,-1.74,867.87,895.62,967.25,NO,NO,NO,1201.62,830.85,NO,YES,-30.86,0.0,844.25,NO,NO,NO,885.05,YES,NO,NO,879.55,NO,NO,NO,940.58,YES,YES,NO,
2026-10-02 23:33 IST,Nifty Smallcap 250,CONCORDBIO,1374.1,1373.6,0.04,1468.55,1448.32,1263.78,NO,NO,YES,1624.47,1008.76,NO,NO,-15.41,36.22,1410.7,NO,NO,YES,1560.3,YES,YES,YES,1484.3,YES,YES,YES,1267.31,NO,YES,NO,
2026-10-02 23:33 IST,Nifty Smallcap 250,ERIS,1189.8,1191.9,-0.18,1296.97,1332.35,1384.48,NO,NO,NO,1692.22,1189.8,NO,YES,-29.69,0.0,1219.3,NO,NO,NO,1269.9,NO,NO,NO,1299.9,NO,NO,NO,1431.1,YES,YES,NO,
2026-10-02 23:33 IST,Nifty Smallcap 250,SHYAMMETL,1047.8,1065.0,-1.62,1078.97,1043.94,917.18,NO,YES,YES,1105.8,758.11,YES,NO,-5.25,38.21,1074.0,NO,YES,YES,1105.8,YES,YES,YES,1078.0,YES,YES,YES,950.91,NO,YES,YES,
2026-10-02 23:33 IST,Nifty Smallcap 250,TIMKEN,3098.8,3136.0,-1.19,3184.55,3188.33,3289.07,NO,NO,NO,3764.06,2907.05,NO,YES,-17.67,6.6,3086.2,NO,NO,NO,3287.9,YES,YES,YES,3209.6,NO,NO,NO,3398.46,NO,NO,YES,
2026-10-02 23:33 IST,Nifty Smallcap 250,RITES,209.48,209.05,0.21,205.2,211.97,211.33,YES,NO,NO,247.58,172.27,NO,NO,-15.39,21.6,192.31,NO,NO,NO,204.05,NO,NO,NO,213.52,NO,NO,NO,214.0,YES,YES,NO,
2026-10-02 23:33 IST,Nifty Smallcap 250,COHANCE,451.3,444.0,1.64,448.27,445.29,415.55,YES,YES,YES,904.75,279.9,NO,NO,-50.12,61.24,457.9,YES,YES,YES,461.45,YES,YES,YES,460.0,YES,YES,YES,454.5,YES,YES,NO,
2026-10-02 23:33 IST,Nifty Smallcap 250,ALKYLAMINE,1741.4,1761.7,-1.15,1877.71,1906.77,1669.33,NO,NO,YES,2089.6,1224.69,NO,NO,-16.66,42.19,1781.3,NO,NO,YES,1883.0,NO,NO,YES,2011.0,YES,YES,YES,1827.0,YES,YES,YES,
2026-10-02 23:33 IST,Nifty Smallcap 250,TRITURBINE,530.0,539.4,-1.74,559.23,581.25,561.72,NO,NO,NO,738.94,433.75,NO,NO,-28.28,22.19,543.55,NO,NO,NO,562.1,NO,NO,YES,576.5,NO,NO,YES,655.63,NO,YES,YES,
2026-10-02 23:33 IST,Nifty Smallcap 250,SCHNEIDER,1275.4,1203.4,5.98,1210.09,1258.23,1080.73,YES,YES,YES,1501.0,579.2,NO,NO,-15.03,120.2,1192.7,NO,NO,YES,1243.4,YES,NO,YES,1188.3,NO,NO,YES,1481.6,YES,YES,YES,
2026-10-02 23:33 IST,Nifty Smallcap 250,SAPPHIRE,209.82,212.08,-1.07,226.02,221.68,199.66,NO,NO,YES,301.4,150.42,NO,NO,-30.38,39.49,211.05,NO,NO,YES,231.48,YES,YES,YES,229.96,NO,YES,YES,186.24,YES,YES,NO,
2026-10-02 23:33 IST,Nifty Smallcap 250,ZFCVINDIA,2241.0,2341.0,-4.27,2436.95,2500.47,2450.87,NO,NO,NO,2681.35,2067.08,NO,NO,-16.42,8.41,2297.8,NO,NO,NO,2357.2,NO,NO,NO,2547.8,NO,YES,YES,2412.22,NO,NO,YES,
2026-10-02 23:33 IST,Nifty Smallcap 250,CHALET,830.25,845.2,-1.77,872.62,859.39,820.94,NO,NO,YES,973.81,701.5,NO,NO,-14.74,18.35,840.75,NO,NO,YES,884.05,YES,YES,YES,896.47,YES,YES,YES,833.75,YES,YES,NO,
2026-10-02 23:33 IST,Nifty Smallcap 250,ATUL,5861.0,5915.5,-0.92,6174.27,6454.62,6415.97,NO,NO,NO,7073.12,5636.71,NO,YES,-17.14,3.98,5982.5,NO,NO,NO,6118.0,NO,NO,NO,6452.0,NO,NO,YES,6524.33,NO,NO,YES,
2026-10-02 23:33 IST,Nifty Smallcap 250,ABLBL,74.44,76.52,-2.72,81.67,86.68,100.0,NO,NO,NO,147.12,74.44,NO,YES,-49.4,0.0,76.98,NO,NO,NO,79.81,NO,NO,NO,85.33,NO,NO,NO,97.37,NO,NO,NO,
2026-10-02 23:33 IST,Nifty Smallcap 250,AFCONS,242.39,247.8,-2.18,264.05,272.7,309.75,NO,NO,NO,462.49,242.39,NO,YES,-47.59,0.0,245.1,NO,NO,NO,258.3,NO,NO,NO,285.25,YES,NO,NO,310.0,NO,NO,NO,
2026-10-02 23:33 IST,Nifty Smallcap 250,GLAND,2874.4,2899.4,-0.86,2927.5,2799.76,2142.06,NO,YES,YES,3026.2,1584.83,YES,NO,-5.02,81.37,2989.7,YES,YES,YES,2910.2,NO,YES,YES,2875.0,YES,YES,YES,2443.84,YES,YES,YES,
2026-10-02 23:33 IST,Nifty Smallcap 250,THELEELA,568.95,573.8,-0.85,543.76,526.83,457.7,YES,YES,YES,575.35,389.65,YES,NO,-1.11,46.02,533.6,NO,YES,YES,544.95,NO,YES,YES,570.4,YES,YES,YES,476.25,YES,YES,YES,
2026-10-02 23:33 IST,Nifty Smallcap 250,BBTC,1334.2,1357.4,-1.71,1444.4,1470.02,1576.88,NO,NO,NO,2083.07,1322.0,NO,YES,-35.95,0.92,1355.0,NO,NO,NO,1450.2,NO,NO,NO,1502.9,YES,NO,NO,1554.7,YES,YES,NO,
2026-10-02 23:33 IST,Nifty Smallcap 250,MAHSCOOTER,12380.0,12576.0,-1.56,13106.75,13145.71,12866.91,NO,NO,NO,17286.02,10926.34,NO,NO,-28.38,13.3,12341.0,NO,NO,NO,13269.0,NO,YES,YES,13514.64,YES,YES,YES,12889.02,YES,YES,NO,
2026-10-02 23:33 IST,Nifty Smallcap 250,VIJAYA,1428.0,1437.7,-0.67,1501.31,1457.73,1197.76,NO,NO,YES,1570.7,860.21,NO,NO,-9.09,66.01,1475.0,NO,YES,YES,1570.7,YES,YES,YES,1496.92,YES,YES,YES,1363.31,YES,YES,YES,
2026-10-02 23:33 IST,Nifty Smallcap 250,JUBLPHARMA,999.3,1028.8,-2.87,1020.94,957.62,952.9,NO,YES,YES,1175.12,803.49,NO,NO,-14.96,24.37,1048.2,YES,YES,YES,1058.0,YES,YES,YES,907.6,YES,NO,NO,964.21,NO,NO,NO,
2026-10-02 23:33 IST,Nifty Smallcap 250,GODREJAGRO,631.9,623.55,1.34,658.32,611.08,577.12,NO,YES,YES,682.05,503.22,NO,NO,-7.35,25.57,631.7,NO,YES,YES,670.05,YES,YES,YES,654.4,YES,YES,YES,548.84,NO,NO,NO,
2026-10-02 23:33 IST,Nifty Smallcap 250,CAMPUS,205.83,208.83,-1.44,213.63,218.53,238.15,NO,NO,NO,283.46,205.83,NO,YES,-27.39,0.0,209.76,NO,NO,NO,211.05,NO,NO,NO,223.92,YES,NO,NO,233.46,NO,NO,NO,
2026-10-02 23:33 IST,Nifty Smallcap 250,INDIACEM,295.15,301.85,-2.22,339.41,365.32,396.86,NO,NO,NO,478.55,295.15,NO,YES,-38.32,0.0,303.7,NO,NO,NO,340.05,NO,NO,NO,359.85,NO,NO,NO,385.3,YES,NO,NO,
2026-10-02 23:33 IST,Nifty Smallcap 250,NIVABUPA,72.98,74.81,-2.45,78.99,82.27,79.69,NO,NO,NO,88.36,68.4,NO,YES,-17.41,6.7,73.28,NO,NO,NO,80.23,NO,NO,YES,82.3,NO,NO,YES,86.62,YES,YES,YES,
2026-10-02 23:33 IST,Nifty Smallcap 250,BASF,3417.1,3447.8,-0.89,3629.79,3779.41,3636.24,NO,NO,NO,4656.17,3142.26,NO,NO,-26.61,8.75,3435.6,NO,NO,NO,3580.4,NO,NO,NO,3760.8,NO,NO,YES,3639.61,YES,YES,NO,
2026-10-02 23:33 IST,Nifty Smallcap 250,VGUARD,294.55,296.45,-0.64,321.52,322.23,318.2,NO,NO,NO,380.74,289.42,NO,YES,-22.64,1.77,307.05,NO,NO,NO,316.4,NO,NO,NO,343.05,YES,YES,YES,301.47,NO,NO,NO,
2026-10-02 23:33 IST,Nifty Smallcap 250,AKUMS,813.1,818.5,-0.66,784.84,747.62,573.62,YES,YES,YES,823.3,412.1,YES,NO,-1.24,97.31,819.55,YES,YES,YES,823.3,YES,YES,YES,779.05,YES,YES,YES,626.8,YES,YES,YES,
2026-10-02 23:33 IST,Nifty Smallcap 250,SUNDRMFAST,1123.6,1139.3,-1.38,1208.93,1157.88,947.76,NO,NO,YES,1270.0,745.38,NO,NO,-11.53,50.74,1143.2,NO,NO,YES,1185.4,NO,YES,YES,1204.7,YES,YES,YES,932.15,YES,YES,YES,
2026-10-02 23:33 IST,Nifty Smallcap 250,BIKAJI,504.05,521.8,-3.4,562.44,597.91,645.03,NO,NO,NO,757.97,504.05,NO,YES,-33.5,0.0,531.15,NO,NO,NO,591.1,YES,NO,NO,598.3,NO,NO,NO,660.91,YES,YES,NO,
2026-10-02 23:33 IST,Nifty Smallcap 250,CENTURYPLY,666.45,681.85,-2.26,714.09,745.73,757.45,NO,NO,NO,842.87,644.88,NO,YES,-20.93,3.34,665.0,NO,NO,NO,711.9,NO,NO,NO,754.43,NO,NO,NO,774.06,YES,YES,YES,
2026-10-02 23:33 IST,Nifty Smallcap 250,RHIM,384.85,384.85,-0.0,375.49,381.79,400.26,YES,YES,NO,488.8,331.89,NO,NO,-21.27,15.96,393.2,YES,YES,NO,388.85,YES,YES,NO,365.77,NO,NO,NO,381.76,YES,NO,NO,
2026-10-02 23:33 IST,Nifty Smallcap 250,NUVOCO,322.1,337.8,-4.65,332.88,334.87,327.43,NO,NO,NO,432.85,281.1,NO,NO,-25.59,14.59,330.2,NO,NO,YES,344.75,YES,YES,YES,322.85,NO,NO,NO,322.35,YES,YES,NO,
2026-10-02 23:33 IST,Nifty Smallcap 250,CARBORUNIV,1239.7,1252.5,-1.02,1148.25,1121.19,975.29,YES,YES,YES,1296.5,746.57,YES,NO,-4.38,66.05,1200.5,YES,YES,YES,1264.5,YES,YES,YES,1100.5,NO,NO,YES,1136.89,YES,YES,YES,
2026-10-02 23:33 IST,Nifty Smallcap 250,UTIAMC,883.7,882.4,0.15,900.58,899.25,945.69,NO,NO,NO,1347.26,870.55,NO,YES,-34.41,1.51,877.6,NO,NO,NO,909.95,YES,YES,NO,879.5,NO,NO,NO,938.36,YES,YES,NO,
2026-10-02 23:33 IST,Nifty Smallcap 250,MINDACORP,667.35,692.85,-3.68,690.15,703.51,610.3,NO,NO,YES,745.25,480.31,NO,NO,-10.45,38.94,672.75,NO,NO,YES,689.05,NO,NO,YES,712.4,NO,YES,YES,702.36,YES,YES,YES,
2026-10-02 23:33 IST,Nifty Smallcap 250,EIHOTEL,297.85,301.1,-1.08,295.86,303.77,319.02,YES,NO,NO,397.3,272.31,NO,NO,-25.03,9.38,301.85,YES,NO,NO,301.15,YES,NO,NO,294.45,NO,NO,NO,327.91,YES,YES,NO,
2026-10-02 23:33 IST,Nifty Smallcap 250,PFIZER,3858.9,3875.3,-0.42,4124.2,4539.56,4644.26,NO,NO,NO,5441.22,3858.9,NO,YES,-29.08,0.0,3912.9,NO,NO,NO,4025.5,NO,NO,NO,4665.9,NO,NO,NO,4495.66,YES,NO,NO,
2026-10-02 23:33 IST,Nifty Smallcap 250,ASTRAZEN,6031.0,6186.0,-2.51,6679.0,7289.07,8163.88,NO,NO,NO,9783.79,6031.0,NO,YES,-38.36,0.0,6254.5,NO,NO,NO,6706.0,NO,NO,NO,6917.0,NO,NO,NO,8273.54,NO,NO,NO,
2026-10-02 23:33 IST,Nifty Smallcap 250,AGARWALEYE,486.45,479.3,1.49,503.71,503.35,472.42,NO,NO,YES,560.7,406.55,NO,NO,-13.24,19.65,495.25,NO,NO,YES,494.8,NO,NO,YES,513.2,YES,YES,YES,476.6,YES,YES,YES,
2026-10-02 23:33 IST,Nifty Smallcap 250,DCMSHRIRAM,906.85,915.6,-0.96,984.27,1012.11,1086.13,NO,NO,NO,1317.11,906.85,NO,YES,-31.15,0.0,907.8,NO,NO,NO,980.0,NO,NO,NO,1030.4,NO,YES,NO,1022.01,NO,NO,NO,
2026-10-02 23:33 IST,Nifty Smallcap 250,APLLTD,815.25,825.45,-1.24,829.29,822.8,772.47,NO,NO,YES,946.62,637.08,NO,NO,-13.88,27.97,861.5,YES,YES,YES,844.4,YES,YES,YES,843.85,YES,YES,YES,811.63,YES,YES,YES,
2026-10-02 23:33 IST,Nifty Smallcap 250,AKZOINDIA,,,,,,,N/A,N/A,N/A,,,NO,NO,,,,N/A,N/A,N/A,,N/A,N/A,N/A,,N/A,N/A,N/A,,N/A,N/A,N/A,Insufficient data
2026-10-02 23:33 IST,Nifty Smallcap 250,VENTIVE,552.2,558.4,-1.11,569.79,588.84,650.08,NO,NO,NO,779.15,548.9,NO,YES,-29.13,0.6,559.85,NO,NO,NO,578.35,YES,NO,NO,591.2,NO,NO,NO,632.95,NO,NO,NO,
